"Nombre","CodigoBarra","Categoria","FechaCaducidad","Marca","Precio","Stock"
"Queso Fresco 200g001","1000000000001","Bebidas001","2027-01-01","La Granja","3.75","2"
"Yogurt 300g001","1000000000002","Panaderia001","2027-01-02","Coca Cola","4.5","3"
"Coca Cola 400g001","1000000000003","Snacks001","2027-01-03","Pepsi","5.25","4"
"Pepsi 500g001","1000000000004","Enlatados001","2027-01-04","Bimbo","6.0","5"
"Pan Blanco 100g001","1000000000005","Granos001","2027-01-05","Lays","6.75","6"
"Pan Integral 200g001","1000000000006","Lacteos001","2027-01-06","Tortrix","7.5","7"
"Papas Fritas 300g001","1000000000007","Bebidas002","2027-01-07","Ducal","8.25","8"
"Tortrix 400g001","1000000000008","Panaderia002","2027-01-08","Sardimar","9.0","9"
"Atun en Lata 500g001","1000000000009","Snacks002","2027-01-09","Gallo Dorado","9.75","10"
"Frijoles Volteados 100g001","1000000000010","Enlatados002","2027-01-10","Dos Pinos","10.5","11"
"Arroz 200g001","1000000000011","Granos002","2027-01-11","La Granja","11.25","12"
"Azúcar 300g001","1000000000012","Lacteos002","2027-01-12","Coca Cola","12.0","13"
"Café 400g001","1000000000013","Bebidas003","2027-01-13","Pepsi","12.75","14"
"Agua Pura 500g001","1000000000014","Panaderia003","2027-01-14","Bimbo","13.5","15"
"Jugo 100g001","1000000000015","Snacks003","2027-01-15","Lays","14.25","16"
"Leche Entera 200g001","1000000000016","Enlatados003","2027-01-16","Tortrix","15.0","17"
"Queso Fresco 300g001","1000000000017","Granos003","2027-01-17","Ducal","15.75","18"
"Yogurt 400g001","1000000000018","Lacteos003","2027-01-18","Sardimar","16.5","19"
"Coca Cola 500g001","1000000000019","Bebidas004","2027-01-19","Gallo Dorado","17.25","20"
"Pepsi 100g001","1000000000020","Panaderia004","2027-01-20","Dos Pinos","18.0","21"
"Pan Blanco 200g001","1000000000021","Snacks004","2027-01-21","La Granja","18.75","22"
"Pan Integral 300g001","1000000000022","Enlatados004","2027-01-22","Coca Cola","19.5","23"
"Papas Fritas 400g001","1000000000023","Granos004","2027-01-23","Pepsi","20.25","24"
"Tortrix 500g001","1000000000024","Lacteos004","2027-01-24","Bimbo","21.0","25"
"Atun en Lata 100g001","1000000000025","Bebidas005","2027-01-25","Lays","21.75","26"
"Frijoles Volteados 200g001","1000000000026","Panaderia005","2027-01-26","Tortrix","22.5","27"
"Arroz 300g001","1000000000027","Snacks005","2027-01-27","Ducal","23.25","28"
"Azúcar 400g001","1000000000028","Enlatados005","2027-01-28","Sardimar","24.0","29"
"Café 500g001","1000000000029","Granos005","2027-01-29","Gallo Dorado","24.75","30"
"Agua Pura 100g001","1000000000030","Lacteos005","2027-01-30","Dos Pinos","25.5","31"
"Jugo 200g001","1000000000031","Bebidas006","2027-01-31","La Granja","26.25","32"
"Leche Entera 300g001","1000000000032","Panaderia006","2027-02-01","Coca Cola","27.0","33"
"Queso Fresco 400g001","1000000000033","Snacks006","2027-02-02","Pepsi","27.75","34"
"Yogurt 500g001","1000000000034","Enlatados006","2027-02-03","Bimbo","28.5","35"
"Coca Cola 100g001","1000000000035","Granos006","2027-02-04","Lays","29.25","36"
"Pepsi 200g001","1000000000036","Lacteos006","2027-02-05","Tortrix","30.0","37"
"Pan Blanco 300g001","1000000000037","Bebidas007","2027-02-06","Ducal","30.75","38"
"Pan Integral 400g001","1000000000038","Panaderia007","2027-02-07","Sardimar","31.5","39"
"Papas Fritas 500g001","1000000000039","Snacks007","2027-02-08","Gallo Dorado","32.25","40"
"Tortrix 100g001","1000000000040","Enlatados007","2027-02-09","Dos Pinos","33.0","41"
"Atun en Lata 200g001","1000000000041","Granos007","2027-02-10","La Granja","33.75","42"
"Frijoles Volteados 300g001","1000000000042","Lacteos007","2027-02-11","Coca Cola","34.5","43"
"Arroz 400g001","1000000000043","Bebidas008","2027-02-12","Pepsi","35.25","44"
"Azúcar 500g001","1000000000044","Panaderia008","2027-02-13","Bimbo","36.0","45"
"Café 100g001","1000000000045","Snacks008","2027-02-14","Lays","36.75","46"
"Agua Pura 200g001","1000000000046","Enlatados008","2027-02-15","Tortrix","37.5","47"
"Jugo 300g001","1000000000047","Granos008","2027-02-16","Ducal","38.25","48"
"Leche Entera 400g001","1000000000048","Lacteos008","2027-02-17","Sardimar","39.0","49"
"Queso Fresco 500g001","1000000000049","Bebidas009","2027-02-18","Gallo Dorado","39.75","50"
"Yogurt 100g001","1000000000050","Panaderia009","2027-02-19","Dos Pinos","3.0","51"
"Coca Cola 200g001","1000000000051","Snacks009","2027-02-20","La Granja","3.75","52"
"Pepsi 300g001","1000000000052","Enlatados009","2027-02-21","Coca Cola","4.5","53"
"Pan Blanco 400g001","1000000000053","Granos009","2027-02-22","Pepsi","5.25","54"
"Pan Integral 500g001","1000000000054","Lacteos009","2027-02-23","Bimbo","6.0","55"
"Papas Fritas 100g001","1000000000055","Bebidas010","2027-02-24","Lays","6.75","56"
"Tortrix 200g001","1000000000056","Panaderia010","2027-02-25","Tortrix","7.5","57"
"Atun en Lata 300g001","1000000000057","Snacks010","2027-02-26","Ducal","8.25","58"
"Frijoles Volteados 400g001","1000000000058","Enlatados010","2027-02-27","Sardimar","9.0","59"
"Arroz 500g001","1000000000059","Granos010","2027-02-28","Gallo Dorado","9.75","60"
"Azúcar 100g001","1000000000060","Lacteos010","2027-03-01","Dos Pinos","10.5","61"
"Café 200g001","1000000000061","Bebidas011","2027-03-02","La Granja","11.25","62"
"Agua Pura 300g001","1000000000062","Panaderia011","2027-03-03","Coca Cola","12.0","63"
"Jugo 400g001","1000000000063","Snacks011","2027-03-04","Pepsi","12.75","64"
"Leche Entera 500g001","1000000000064","Enlatados011","2027-03-05","Bimbo","13.5","65"
"Queso Fresco 100g001","1000000000065","Granos011","2027-03-06","Lays","14.25","66"
"Yogurt 200g001","1000000000066","Lacteos011","2027-03-07","Tortrix","15.0","67"
"Coca Cola 300g001","1000000000067","Bebidas012","2027-03-08","Ducal","15.75","68"
"Pepsi 400g001","1000000000068","Panaderia012","2027-03-09","Sardimar","16.5","69"
"Pan Blanco 500g001","1000000000069","Snacks012","2027-03-10","Gallo Dorado","17.25","70"
"Pan Integral 100g001","1000000000070","Enlatados012","2027-03-11","Dos Pinos","18.0","71"
"Papas Fritas 200g001","1000000000071","Granos012","2027-03-12","La Granja","18.75","72"
"Tortrix 300g001","1000000000072","Lacteos012","2027-03-13","Coca Cola","19.5","73"
"Atun en Lata 400g001","1000000000073","Bebidas013","2027-03-14","Pepsi","20.25","74"
"Frijoles Volteados 500g001","1000000000074","Panaderia013","2027-03-15","Bimbo","21.0","75"
"Arroz 100g001","1000000000075","Snacks013","2027-03-16","Lays","21.75","76"
"Azúcar 200g001","1000000000076","Enlatados013","2027-03-17","Tortrix","22.5","77"
"Café 300g001","1000000000077","Granos013","2027-03-18","Ducal","23.25","78"
"Agua Pura 400g001","1000000000078","Lacteos013","2027-03-19","Sardimar","24.0","79"
"Jugo 500g001","1000000000079","Bebidas014","2027-03-20","Gallo Dorado","24.75","80"
"Leche Entera 100g001","1000000000080","Panaderia014","2027-03-21","Dos Pinos","25.5","81"
"Queso Fresco 200g002","1000000000081","Snacks014","2027-03-22","La Granja","26.25","82"
"Yogurt 300g002","1000000000082","Enlatados014","2027-03-23","Coca Cola","27.0","83"
"Coca Cola 400g002","1000000000083","Granos014","2027-03-24","Pepsi","27.75","84"
"Pepsi 500g002","1000000000084","Lacteos014","2027-03-25","Bimbo","28.5","85"
"Pan Blanco 100g002","1000000000085","Bebidas015","2027-03-26","Lays","29.25","86"
"Pan Integral 200g002","1000000000086","Panaderia015","2027-03-27","Tortrix","30.0","87"
"Papas Fritas 300g002","1000000000087","Snacks015","2027-03-28","Ducal","30.75","88"
"Tortrix 400g002","1000000000088","Enlatados015","2027-03-29","Sardimar","31.5","89"
"Atun en Lata 500g002","1000000000089","Granos015","2027-03-30","Gallo Dorado","32.25","90"
"Frijoles Volteados 100g002","1000000000090","Lacteos015","2027-03-31","Dos Pinos","33.0","91"
"Arroz 200g002","1000000000091","Bebidas016","2027-04-01","La Granja","33.75","92"
"Azúcar 300g002","1000000000092","Panaderia016","2027-04-02","Coca Cola","34.5","93"
"Café 400g002","1000000000093","Snacks016","2027-04-03","Pepsi","35.25","94"
"Agua Pura 500g002","1000000000094","Enlatados016","2027-04-04","Bimbo","36.0","95"
"Jugo 100g002","1000000000095","Granos016","2027-04-05","Lays","36.75","96"
"Leche Entera 200g002","1000000000096","Lacteos016","2027-04-06","Tortrix","37.5","97"
"Queso Fresco 300g002","1000000000097","Bebidas017","2027-04-07","Ducal","38.25","98"
"Yogurt 400g002","1000000000098","Panaderia017","2027-04-08","Sardimar","39.0","99"
"Coca Cola 500g002","1000000000099","Snacks017","2027-04-09","Gallo Dorado","39.75","100"
"Pepsi 100g002","1000000000100","Enlatados017","2027-04-10","Dos Pinos","3.0","1"
"Pan Blanco 200g002","1000000000101","Granos017","2027-04-11","La Granja","3.75","2"
"Pan Integral 300g002","1000000000102","Lacteos017","2027-04-12","Coca Cola","4.5","3"
"Papas Fritas 400g002","1000000000103","Bebidas018","2027-04-13","Pepsi","5.25","4"
"Tortrix 500g002","1000000000104","Panaderia018","2027-04-14","Bimbo","6.0","5"
"Atun en Lata 100g002","1000000000105","Snacks018","2027-04-15","Lays","6.75","6"
"Frijoles Volteados 200g002","1000000000106","Enlatados018","2027-04-16","Tortrix","7.5","7"
"Arroz 300g002","1000000000107","Granos018","2027-04-17","Ducal","8.25","8"
"Azúcar 400g002","1000000000108","Lacteos018","2027-04-18","Sardimar","9.0","9"
"Café 500g002","1000000000109","Bebidas019","2027-04-19","Gallo Dorado","9.75","10"
"Agua Pura 100g002","1000000000110","Panaderia019","2027-04-20","Dos Pinos","10.5","11"
"Jugo 200g002","1000000000111","Snacks019","2027-04-21","La Granja","11.25","12"
"Leche Entera 300g002","1000000000112","Enlatados019","2027-04-22","Coca Cola","12.0","13"
"Queso Fresco 400g002","1000000000113","Granos019","2027-04-23","Pepsi","12.75","14"
"Yogurt 500g002","1000000000114","Lacteos019","2027-04-24","Bimbo","13.5","15"
"Coca Cola 100g002","1000000000115","Bebidas020","2027-04-25","Lays","14.25","16"
"Pepsi 200g002","1000000000116","Panaderia020","2027-04-26","Tortrix","15.0","17"
"Pan Blanco 300g002","1000000000117","Snacks020","2027-04-27","Ducal","15.75","18"
"Pan Integral 400g002","1000000000118","Enlatados020","2027-04-28","Sardimar","16.5","19"
"Papas Fritas 500g002","1000000000119","Granos020","2027-04-29","Gallo Dorado","17.25","20"
"Tortrix 100g002","1000000000120","Lacteos020","2027-04-30","Dos Pinos","18.0","21"
"Atun en Lata 200g002","1000000000121","Bebidas021","2027-05-01","La Granja","18.75","22"
"Frijoles Volteados 300g002","1000000000122","Panaderia021","2027-05-02","Coca Cola","19.5","23"
"Arroz 400g002","1000000000123","Snacks021","2027-05-03","Pepsi","20.25","24"
"Azúcar 500g002","1000000000124","Enlatados021","2027-05-04","Bimbo","21.0","25"
"Café 100g002","1000000000125","Granos021","2027-05-05","Lays","21.75","26"
"Agua Pura 200g002","1000000000126","Lacteos021","2027-05-06","Tortrix","22.5","27"
"Jugo 300g002","1000000000127","Bebidas022","2027-05-07","Ducal","23.25","28"
"Leche Entera 400g002","1000000000128","Panaderia022","2027-05-08","Sardimar","24.0","29"
"Queso Fresco 500g002","1000000000129","Snacks022","2027-05-09","Gallo Dorado","24.75","30"
"Yogurt 100g002","1000000000130","Enlatados022","2027-05-10","Dos Pinos","25.5","31"
"Coca Cola 200g002","1000000000131","Granos022","2027-05-11","La Granja","26.25","32"
"Pepsi 300g002","1000000000132","Lacteos022","2027-05-12","Coca Cola","27.0","33"
"Pan Blanco 400g002","1000000000133","Bebidas023","2027-05-13","Pepsi","27.75","34"
"Pan Integral 500g002","1000000000134","Panaderia023","2027-05-14","Bimbo","28.5","35"
"Papas Fritas 100g002","1000000000135","Snacks023","2027-05-15","Lays","29.25","36"
"Tortrix 200g002","1000000000136","Enlatados023","2027-05-16","Tortrix","30.0","37"
"Atun en Lata 300g002","1000000000137","Granos023","2027-05-17","Ducal","30.75","38"
"Frijoles Volteados 400g002","1000000000138","Lacteos023","2027-05-18","Sardimar","31.5","39"
"Arroz 500g002","1000000000139","Bebidas024","2027-05-19","Gallo Dorado","32.25","40"
"Azúcar 100g002","1000000000140","Panaderia024","2027-05-20","Dos Pinos","33.0","41"
"Café 200g002","1000000000141","Snacks024","2027-05-21","La Granja","33.75","42"
"Agua Pura 300g002","1000000000142","Enlatados024","2027-05-22","Coca Cola","34.5","43"
"Jugo 400g002","1000000000143","Granos024","2027-05-23","Pepsi","35.25","44"
"Leche Entera 500g002","1000000000144","Lacteos024","2027-05-24","Bimbo","36.0","45"
"Queso Fresco 100g002","1000000000145","Bebidas025","2027-05-25","Lays","36.75","46"
"Yogurt 200g002","1000000000146","Panaderia025","2027-05-26","Tortrix","37.5","47"
"Coca Cola 300g002","1000000000147","Snacks025","2027-05-27","Ducal","38.25","48"
"Pepsi 400g002","1000000000148","Enlatados025","2027-05-28","Sardimar","39.0","49"
"Pan Blanco 500g002","1000000000149","Granos025","2027-05-29","Gallo Dorado","39.75","50"
"Pan Integral 100g002","1000000000150","Lacteos025","2027-05-30","Dos Pinos","3.0","51"
"Papas Fritas 200g002","1000000000151","Bebidas026","2027-05-31","La Granja","3.75","52"
"Tortrix 300g002","1000000000152","Panaderia026","2027-06-01","Coca Cola","4.5","53"
"Atun en Lata 400g002","1000000000153","Snacks026","2027-06-02","Pepsi","5.25","54"
"Frijoles Volteados 500g002","1000000000154","Enlatados026","2027-06-03","Bimbo","6.0","55"
"Arroz 100g002","1000000000155","Granos026","2027-06-04","Lays","6.75","56"
"Azúcar 200g002","1000000000156","Lacteos026","2027-06-05","Tortrix","7.5","57"
"Café 300g002","1000000000157","Bebidas027","2027-06-06","Ducal","8.25","58"
"Agua Pura 400g002","1000000000158","Panaderia027","2027-06-07","Sardimar","9.0","59"
"Jugo 500g002","1000000000159","Snacks027","2027-06-08","Gallo Dorado","9.75","60"
"Leche Entera 100g002","1000000000160","Enlatados027","2027-06-09","Dos Pinos","10.5","61"
"Queso Fresco 200g003","1000000000161","Granos027","2027-06-10","La Granja","11.25","62"
"Yogurt 300g003","1000000000162","Lacteos027","2027-06-11","Coca Cola","12.0","63"
"Coca Cola 400g003","1000000000163","Bebidas028","2027-06-12","Pepsi","12.75","64"
"Pepsi 500g003","1000000000164","Panaderia028","2027-06-13","Bimbo","13.5","65"
"Pan Blanco 100g003","1000000000165","Snacks028","2027-06-14","Lays","14.25","66"
"Pan Integral 200g003","1000000000166","Enlatados028","2027-06-15","Tortrix","15.0","67"
"Papas Fritas 300g003","1000000000167","Granos028","2027-06-16","Ducal","15.75","68"
"Tortrix 400g003","1000000000168","Lacteos028","2027-06-17","Sardimar","16.5","69"
"Atun en Lata 500g003","1000000000169","Bebidas029","2027-06-18","Gallo Dorado","17.25","70"
"Frijoles Volteados 100g003","1000000000170","Panaderia029","2027-06-19","Dos Pinos","18.0","71"
"Arroz 200g003","1000000000171","Snacks029","2027-06-20","La Granja","18.75","72"
"Azúcar 300g003","1000000000172","Enlatados029","2027-06-21","Coca Cola","19.5","73"
"Café 400g003","1000000000173","Granos029","2027-06-22","Pepsi","20.25","74"
"Agua Pura 500g003","1000000000174","Lacteos029","2027-06-23","Bimbo","21.0","75"
"Jugo 100g003","1000000000175","Bebidas030","2027-06-24","Lays","21.75","76"
"Leche Entera 200g003","1000000000176","Panaderia030","2027-06-25","Tortrix","22.5","77"
"Queso Fresco 300g003","1000000000177","Snacks030","2027-06-26","Ducal","23.25","78"
"Yogurt 400g003","1000000000178","Enlatados030","2027-06-27","Sardimar","24.0","79"
"Coca Cola 500g003","1000000000179","Granos030","2027-06-28","Gallo Dorado","24.75","80"
"Pepsi 100g003","1000000000180","Lacteos030","2027-06-29","Dos Pinos","25.5","81"
"Pan Blanco 200g003","1000000000181","Bebidas031","2027-06-30","La Granja","26.25","82"
"Pan Integral 300g003","1000000000182","Panaderia031","2027-07-01","Coca Cola","27.0","83"
"Papas Fritas 400g003","1000000000183","Snacks031","2027-07-02","Pepsi","27.75","84"
"Tortrix 500g003","1000000000184","Enlatados031","2027-07-03","Bimbo","28.5","85"
"Atun en Lata 100g003","1000000000185","Granos031","2027-07-04","Lays","29.25","86"
"Frijoles Volteados 200g003","1000000000186","Lacteos031","2027-07-05","Tortrix","30.0","87"
"Arroz 300g003","1000000000187","Bebidas032","2027-07-06","Ducal","30.75","88"
"Azúcar 400g003","1000000000188","Panaderia032","2027-07-07","Sardimar","31.5","89"
"Café 500g003","1000000000189","Snacks032","2027-07-08","Gallo Dorado","32.25","90"
"Agua Pura 100g003","1000000000190","Enlatados032","2027-07-09","Dos Pinos","33.0","91"
"Jugo 200g003","1000000000191","Granos032","2027-07-10","La Granja","33.75","92"
"Leche Entera 300g003","1000000000192","Lacteos032","2027-07-11","Coca Cola","34.5","93"
"Queso Fresco 400g003","1000000000193","Bebidas033","2027-07-12","Pepsi","35.25","94"
"Yogurt 500g003","1000000000194","Panaderia033","2027-07-13","Bimbo","36.0","95"
"Coca Cola 100g003","1000000000195","Snacks033","2027-07-14","Lays","36.75","96"
"Pepsi 200g003","1000000000196","Enlatados033","2027-07-15","Tortrix","37.5","97"
"Pan Blanco 300g003","1000000000197","Granos033","2027-07-16","Ducal","38.25","98"
"Pan Integral 400g003","1000000000198","Lacteos033","2027-07-17","Sardimar","39.0","99"
"Papas Fritas 500g003","1000000000199","Bebidas034","2027-07-18","Gallo Dorado","39.75","100"
"Tortrix 100g003","1000000000200","Panaderia034","2027-07-19","Dos Pinos","3.0","1"
"Atun en Lata 200g003","1000000000201","Snacks034","2027-07-20","La Granja","3.75","2"
"Frijoles Volteados 300g003","1000000000202","Enlatados034","2027-07-21","Coca Cola","4.5","3"
"Arroz 400g003","1000000000203","Granos034","2027-07-22","Pepsi","5.25","4"
"Azúcar 500g003","1000000000204","Lacteos034","2027-07-23","Bimbo","6.0","5"
"Café 100g003","1000000000205","Bebidas035","2027-07-24","Lays","6.75","6"
"Agua Pura 200g003","1000000000206","Panaderia035","2027-07-25","Tortrix","7.5","7"
"Jugo 300g003","1000000000207","Snacks035","2027-07-26","Ducal","8.25","8"
"Leche Entera 400g003","1000000000208","Enlatados035","2027-07-27","Sardimar","9.0","9"
"Queso Fresco 500g003","1000000000209","Granos035","2027-07-28","Gallo Dorado","9.75","10"
"Yogurt 100g003","1000000000210","Lacteos035","2027-07-29","Dos Pinos","10.5","11"
"Coca Cola 200g003","1000000000211","Bebidas036","2027-07-30","La Granja","11.25","12"
"Pepsi 300g003","1000000000212","Panaderia036","2027-07-31","Coca Cola","12.0","13"
"Pan Blanco 400g003","1000000000213","Snacks036","2027-08-01","Pepsi","12.75","14"
"Pan Integral 500g003","1000000000214","Enlatados036","2027-08-02","Bimbo","13.5","15"
"Papas Fritas 100g003","1000000000215","Granos036","2027-08-03","Lays","14.25","16"
"Tortrix 200g003","1000000000216","Lacteos036","2027-08-04","Tortrix","15.0","17"
"Atun en Lata 300g003","1000000000217","Bebidas037","2027-08-05","Ducal","15.75","18"
"Frijoles Volteados 400g003","1000000000218","Panaderia037","2027-08-06","Sardimar","16.5","19"
"Arroz 500g003","1000000000219","Snacks037","2027-08-07","Gallo Dorado","17.25","20"
"Azúcar 100g003","1000000000220","Enlatados037","2027-08-08","Dos Pinos","18.0","21"
"Café 200g003","1000000000221","Granos037","2027-08-09","La Granja","18.75","22"
"Agua Pura 300g003","1000000000222","Lacteos037","2027-08-10","Coca Cola","19.5","23"
"Jugo 400g003","1000000000223","Bebidas038","2027-08-11","Pepsi","20.25","24"
"Leche Entera 500g003","1000000000224","Panaderia038","2027-08-12","Bimbo","21.0","25"
"Queso Fresco 100g003","1000000000225","Snacks038","2027-08-13","Lays","21.75","26"
"Yogurt 200g003","1000000000226","Enlatados038","2027-08-14","Tortrix","22.5","27"
"Coca Cola 300g003","1000000000227","Granos038","2027-08-15","Ducal","23.25","28"
"Pepsi 400g003","1000000000228","Lacteos038","2027-08-16","Sardimar","24.0","29"
"Pan Blanco 500g003","1000000000229","Bebidas039","2027-08-17","Gallo Dorado","24.75","30"
"Pan Integral 100g003","1000000000230","Panaderia039","2027-08-18","Dos Pinos","25.5","31"
"Papas Fritas 200g003","1000000000231","Snacks039","2027-08-19","La Granja","26.25","32"
"Tortrix 300g003","1000000000232","Enlatados039","2027-08-20","Coca Cola","27.0","33"
"Atun en Lata 400g003","1000000000233","Granos039","2027-08-21","Pepsi","27.75","34"
"Frijoles Volteados 500g003","1000000000234","Lacteos039","2027-08-22","Bimbo","28.5","35"
"Arroz 100g003","1000000000235","Bebidas040","2027-08-23","Lays","29.25","36"
"Azúcar 200g003","1000000000236","Panaderia040","2027-08-24","Tortrix","30.0","37"
"Café 300g003","1000000000237","Snacks040","2027-08-25","Ducal","30.75","38"
"Agua Pura 400g003","1000000000238","Enlatados040","2027-08-26","Sardimar","31.5","39"
"Jugo 500g003","1000000000239","Granos040","2027-08-27","Gallo Dorado","32.25","40"
"Leche Entera 100g003","1000000000240","Lacteos040","2027-08-28","Dos Pinos","33.0","41"
"Queso Fresco 200g004","1000000000241","Bebidas041","2027-08-29","La Granja","33.75","42"
"Yogurt 300g004","1000000000242","Panaderia041","2027-08-30","Coca Cola","34.5","43"
"Coca Cola 400g004","1000000000243","Snacks041","2027-08-31","Pepsi","35.25","44"
"Pepsi 500g004","1000000000244","Enlatados041","2027-09-01","Bimbo","36.0","45"
"Pan Blanco 100g004","1000000000245","Granos041","2027-09-02","Lays","36.75","46"
"Pan Integral 200g004","1000000000246","Lacteos041","2027-09-03","Tortrix","37.5","47"
"Papas Fritas 300g004","1000000000247","Bebidas042","2027-09-04","Ducal","38.25","48"
"Tortrix 400g004","1000000000248","Panaderia042","2027-09-05","Sardimar","39.0","49"
"Atun en Lata 500g004","1000000000249","Snacks042","2027-09-06","Gallo Dorado","39.75","50"
"Frijoles Volteados 100g004","1000000000250","Enlatados042","2027-09-07","Dos Pinos","3.0","51"
"Arroz 200g004","1000000000251","Granos042","2027-09-08","La Granja","3.75","52"
"Azúcar 300g004","1000000000252","Lacteos042","2027-09-09","Coca Cola","4.5","53"
"Café 400g004","1000000000253","Bebidas043","2027-09-10","Pepsi","5.25","54"
"Agua Pura 500g004","1000000000254","Panaderia043","2027-09-11","Bimbo","6.0","55"
"Jugo 100g004","1000000000255","Snacks043","2027-09-12","Lays","6.75","56"
"Leche Entera 200g004","1000000000256","Enlatados043","2027-09-13","Tortrix","7.5","57"
"Queso Fresco 300g004","1000000000257","Granos043","2027-09-14","Ducal","8.25","58"
"Yogurt 400g004","1000000000258","Lacteos043","2027-09-15","Sardimar","9.0","59"
"Coca Cola 500g004","1000000000259","Bebidas044","2027-09-16","Gallo Dorado","9.75","60"
"Pepsi 100g004","1000000000260","Panaderia044","2027-09-17","Dos Pinos","10.5","61"
"Pan Blanco 200g004","1000000000261","Snacks044","2027-09-18","La Granja","11.25","62"
"Pan Integral 300g004","1000000000262","Enlatados044","2027-09-19","Coca Cola","12.0","63"
"Papas Fritas 400g004","1000000000263","Granos044","2027-09-20","Pepsi","12.75","64"
"Tortrix 500g004","1000000000264","Lacteos044","2027-09-21","Bimbo","13.5","65"
"Atun en Lata 100g004","1000000000265","Bebidas045","2027-09-22","Lays","14.25","66"
"Frijoles Volteados 200g004","1000000000266","Panaderia045","2027-09-23","Tortrix","15.0","67"
"Arroz 300g004","1000000000267","Snacks045","2027-09-24","Ducal","15.75","68"
"Azúcar 400g004","1000000000268","Enlatados045","2027-09-25","Sardimar","16.5","69"
"Café 500g004","1000000000269","Granos045","2027-09-26","Gallo Dorado","17.25","70"
"Agua Pura 100g004","1000000000270","Lacteos045","2027-09-27","Dos Pinos","18.0","71"
"Jugo 200g004","1000000000271","Bebidas046","2027-09-28","La Granja","18.75","72"
"Leche Entera 300g004","1000000000272","Panaderia046","2027-09-29","Coca Cola","19.5","73"
"Queso Fresco 400g004","1000000000273","Snacks046","2027-09-30","Pepsi","20.25","74"
"Yogurt 500g004","1000000000274","Enlatados046","2027-10-01","Bimbo","21.0","75"
"Coca Cola 100g004","1000000000275","Granos046","2027-10-02","Lays","21.75","76"
"Pepsi 200g004","1000000000276","Lacteos046","2027-10-03","Tortrix","22.5","77"
"Pan Blanco 300g004","1000000000277","Bebidas047","2027-10-04","Ducal","23.25","78"
"Pan Integral 400g004","1000000000278","Panaderia047","2027-10-05","Sardimar","24.0","79"
"Papas Fritas 500g004","1000000000279","Snacks047","2027-10-06","Gallo Dorado","24.75","80"
"Tortrix 100g004","1000000000280","Enlatados047","2027-10-07","Dos Pinos","25.5","81"
"Atun en Lata 200g004","1000000000281","Granos047","2027-10-08","La Granja","26.25","82"
"Frijoles Volteados 300g004","1000000000282","Lacteos047","2027-10-09","Coca Cola","27.0","83"
"Arroz 400g004","1000000000283","Bebidas048","2027-10-10","Pepsi","27.75","84"
"Azúcar 500g004","1000000000284","Panaderia048","2027-10-11","Bimbo","28.5","85"
"Café 100g004","1000000000285","Snacks048","2027-10-12","Lays","29.25","86"
"Agua Pura 200g004","1000000000286","Enlatados048","2027-10-13","Tortrix","30.0","87"
"Jugo 300g004","1000000000287","Granos048","2027-10-14","Ducal","30.75","88"
"Leche Entera 400g004","1000000000288","Lacteos048","2027-10-15","Sardimar","31.5","89"
"Queso Fresco 500g004","1000000000289","Bebidas049","2027-10-16","Gallo Dorado","32.25","90"
"Yogurt 100g004","1000000000290","Panaderia049","2027-10-17","Dos Pinos","33.0","91"
"Coca Cola 200g004","1000000000291","Snacks049","2027-10-18","La Granja","33.75","92"
"Pepsi 300g004","1000000000292","Enlatados049","2027-10-19","Coca Cola","34.5","93"
"Pan Blanco 400g004","1000000000293","Granos049","2027-10-20","Pepsi","35.25","94"
"Pan Integral 500g004","1000000000294","Lacteos049","2027-10-21","Bimbo","36.0","95"
"Papas Fritas 100g004","1000000000295","Bebidas050","2027-10-22","Lays","36.75","96"
"Tortrix 200g004","1000000000296","Panaderia050","2027-10-23","Tortrix","37.5","97"
"Atun en Lata 300g004","1000000000297","Snacks050","2027-10-24","Ducal","38.25","98"
"Frijoles Volteados 400g004","1000000000298","Enlatados050","2027-10-25","Sardimar","39.0","99"
"Arroz 500g004","1000000000299","Granos050","2027-10-26","Gallo Dorado","39.75","100"
"Azúcar 100g004","1000000000300","Lacteos050","2027-10-27","Dos Pinos","3.0","1"
"Café 200g004","1000000000301","Bebidas051","2027-10-28","La Granja","3.75","2"
"Agua Pura 300g004","1000000000302","Panaderia051","2027-10-29","Coca Cola","4.5","3"
"Jugo 400g004","1000000000303","Snacks051","2027-10-30","Pepsi","5.25","4"
"Leche Entera 500g004","1000000000304","Enlatados051","2027-10-31","Bimbo","6.0","5"
"Queso Fresco 100g004","1000000000305","Granos051","2027-11-01","Lays","6.75","6"
"Yogurt 200g004","1000000000306","Lacteos051","2027-11-02","Tortrix","7.5","7"
"Coca Cola 300g004","1000000000307","Bebidas052","2027-11-03","Ducal","8.25","8"
"Pepsi 400g004","1000000000308","Panaderia052","2027-11-04","Sardimar","9.0","9"
"Pan Blanco 500g004","1000000000309","Snacks052","2027-11-05","Gallo Dorado","9.75","10"
"Pan Integral 100g004","1000000000310","Enlatados052","2027-11-06","Dos Pinos","10.5","11"
"Papas Fritas 200g004","1000000000311","Granos052","2027-11-07","La Granja","11.25","12"
"Tortrix 300g004","1000000000312","Lacteos052","2027-11-08","Coca Cola","12.0","13"
"Atun en Lata 400g004","1000000000313","Bebidas053","2027-11-09","Pepsi","12.75","14"
"Frijoles Volteados 500g004","1000000000314","Panaderia053","2027-11-10","Bimbo","13.5","15"
"Arroz 100g004","1000000000315","Snacks053","2027-11-11","Lays","14.25","16"
"Azúcar 200g004","1000000000316","Enlatados053","2027-11-12","Tortrix","15.0","17"
"Café 300g004","1000000000317","Granos053","2027-11-13","Ducal","15.75","18"
"Agua Pura 400g004","1000000000318","Lacteos053","2027-11-14","Sardimar","16.5","19"
"Jugo 500g004","1000000000319","Bebidas054","2027-11-15","Gallo Dorado","17.25","20"
"Leche Entera 100g004","1000000000320","Panaderia054","2027-11-16","Dos Pinos","18.0","21"
"Queso Fresco 200g005","1000000000321","Snacks054","2027-11-17","La Granja","18.75","22"
"Yogurt 300g005","1000000000322","Enlatados054","2027-11-18","Coca Cola","19.5","23"
"Coca Cola 400g005","1000000000323","Granos054","2027-11-19","Pepsi","20.25","24"
"Pepsi 500g005","1000000000324","Lacteos054","2027-11-20","Bimbo","21.0","25"
"Pan Blanco 100g005","1000000000325","Bebidas055","2027-11-21","Lays","21.75","26"
"Pan Integral 200g005","1000000000326","Panaderia055","2027-11-22","Tortrix","22.5","27"
"Papas Fritas 300g005","1000000000327","Snacks055","2027-11-23","Ducal","23.25","28"
"Tortrix 400g005","1000000000328","Enlatados055","2027-11-24","Sardimar","24.0","29"
"Atun en Lata 500g005","1000000000329","Granos055","2027-11-25","Gallo Dorado","24.75","30"
"Frijoles Volteados 100g005","1000000000330","Lacteos055","2027-11-26","Dos Pinos","25.5","31"
"Arroz 200g005","1000000000331","Bebidas056","2027-11-27","La Granja","26.25","32"
"Azúcar 300g005","1000000000332","Panaderia056","2027-11-28","Coca Cola","27.0","33"
"Café 400g005","1000000000333","Snacks056","2027-11-29","Pepsi","27.75","34"
"Agua Pura 500g005","1000000000334","Enlatados056","2027-11-30","Bimbo","28.5","35"
"Jugo 100g005","1000000000335","Granos056","2027-12-01","Lays","29.25","36"
"Leche Entera 200g005","1000000000336","Lacteos056","2027-12-02","Tortrix","30.0","37"
"Queso Fresco 300g005","1000000000337","Bebidas057","2027-12-03","Ducal","30.75","38"
"Yogurt 400g005","1000000000338","Panaderia057","2027-12-04","Sardimar","31.5","39"
"Coca Cola 500g005","1000000000339","Snacks057","2027-12-05","Gallo Dorado","32.25","40"
"Pepsi 100g005","1000000000340","Enlatados057","2027-12-06","Dos Pinos","33.0","41"
"Pan Blanco 200g005","1000000000341","Granos057","2027-12-07","La Granja","33.75","42"
"Pan Integral 300g005","1000000000342","Lacteos057","2027-12-08","Coca Cola","34.5","43"
"Papas Fritas 400g005","1000000000343","Bebidas058","2027-12-09","Pepsi","35.25","44"
"Tortrix 500g005","1000000000344","Panaderia058","2027-12-10","Bimbo","36.0","45"
"Atun en Lata 100g005","1000000000345","Snacks058","2027-12-11","Lays","36.75","46"
"Frijoles Volteados 200g005","1000000000346","Enlatados058","2027-12-12","Tortrix","37.5","47"
"Arroz 300g005","1000000000347","Granos058","2027-12-13","Ducal","38.25","48"
"Azúcar 400g005","1000000000348","Lacteos058","2027-12-14","Sardimar","39.0","49"
"Café 500g005","1000000000349","Bebidas059","2027-12-15","Gallo Dorado","39.75","50"
"Agua Pura 100g005","1000000000350","Panaderia059","2027-12-16","Dos Pinos","3.0","51"
"Jugo 200g005","1000000000351","Snacks059","2027-12-17","La Granja","3.75","52"
"Leche Entera 300g005","1000000000352","Enlatados059","2027-12-18","Coca Cola","4.5","53"
"Queso Fresco 400g005","1000000000353","Granos059","2027-12-19","Pepsi","5.25","54"
"Yogurt 500g005","1000000000354","Lacteos059","2027-12-20","Bimbo","6.0","55"
"Coca Cola 100g005","1000000000355","Bebidas060","2027-12-21","Lays","6.75","56"
"Pepsi 200g005","1000000000356","Panaderia060","2027-12-22","Tortrix","7.5","57"
"Pan Blanco 300g005","1000000000357","Snacks060","2027-12-23","Ducal","8.25","58"
"Pan Integral 400g005","1000000000358","Enlatados060","2027-12-24","Sardimar","9.0","59"
"Papas Fritas 500g005","1000000000359","Granos060","2027-12-25","Gallo Dorado","9.75","60"
"Tortrix 100g005","1000000000360","Lacteos060","2027-12-26","Dos Pinos","10.5","61"
"Atun en Lata 200g005","1000000000361","Bebidas061","2027-12-27","La Granja","11.25","62"
"Frijoles Volteados 300g005","1000000000362","Panaderia061","2027-12-28","Coca Cola","12.0","63"
"Arroz 400g005","1000000000363","Snacks061","2027-12-29","Pepsi","12.75","64"
"Azúcar 500g005","1000000000364","Enlatados061","2027-12-30","Bimbo","13.5","65"
"Café 100g005","1000000000365","Granos061","2027-12-31","Lays","14.25","66"
"Agua Pura 200g005","1000000000366","Lacteos061","2028-01-01","Tortrix","15.0","67"
"Jugo 300g005","1000000000367","Bebidas062","2028-01-02","Ducal","15.75","68"
"Leche Entera 400g005","1000000000368","Panaderia062","2028-01-03","Sardimar","16.5","69"
"Queso Fresco 500g005","1000000000369","Snacks062","2028-01-04","Gallo Dorado","17.25","70"
"Yogurt 100g005","1000000000370","Enlatados062","2028-01-05","Dos Pinos","18.0","71"
"Coca Cola 200g005","1000000000371","Granos062","2028-01-06","La Granja","18.75","72"
"Pepsi 300g005","1000000000372","Lacteos062","2028-01-07","Coca Cola","19.5","73"
"Pan Blanco 400g005","1000000000373","Bebidas063","2028-01-08","Pepsi","20.25","74"
"Pan Integral 500g005","1000000000374","Panaderia063","2028-01-09","Bimbo","21.0","75"
"Papas Fritas 100g005","1000000000375","Snacks063","2028-01-10","Lays","21.75","76"
"Tortrix 200g005","1000000000376","Enlatados063","2028-01-11","Tortrix","22.5","77"
"Atun en Lata 300g005","1000000000377","Granos063","2028-01-12","Ducal","23.25","78"
"Frijoles Volteados 400g005","1000000000378","Lacteos063","2028-01-13","Sardimar","24.0","79"
"Arroz 500g005","1000000000379","Bebidas064","2028-01-14","Gallo Dorado","24.75","80"
"Azúcar 100g005","1000000000380","Panaderia064","2028-01-15","Dos Pinos","25.5","81"
"Café 200g005","1000000000381","Snacks064","2028-01-16","La Granja","26.25","82"
"Agua Pura 300g005","1000000000382","Enlatados064","2028-01-17","Coca Cola","27.0","83"
"Jugo 400g005","1000000000383","Granos064","2028-01-18","Pepsi","27.75","84"
"Leche Entera 500g005","1000000000384","Lacteos064","2028-01-19","Bimbo","28.5","85"
"Queso Fresco 100g005","1000000000385","Bebidas065","2028-01-20","Lays","29.25","86"
"Yogurt 200g005","1000000000386","Panaderia065","2028-01-21","Tortrix","30.0","87"
"Coca Cola 300g005","1000000000387","Snacks065","2028-01-22","Ducal","30.75","88"
"Pepsi 400g005","1000000000388","Enlatados065","2028-01-23","Sardimar","31.5","89"
"Pan Blanco 500g005","1000000000389","Granos065","2028-01-24","Gallo Dorado","32.25","90"
"Pan Integral 100g005","1000000000390","Lacteos065","2028-01-25","Dos Pinos","33.0","91"
"Papas Fritas 200g005","1000000000391","Bebidas066","2028-01-26","La Granja","33.75","92"
"Tortrix 300g005","1000000000392","Panaderia066","2028-01-27","Coca Cola","34.5","93"
"Atun en Lata 400g005","1000000000393","Snacks066","2028-01-28","Pepsi","35.25","94"
"Frijoles Volteados 500g005","1000000000394","Enlatados066","2028-01-29","Bimbo","36.0","95"
"Arroz 100g005","1000000000395","Granos066","2028-01-30","Lays","36.75","96"
"Azúcar 200g005","1000000000396","Lacteos066","2028-01-31","Tortrix","37.5","97"
"Café 300g005","1000000000397","Bebidas067","2028-02-01","Ducal","38.25","98"
"Agua Pura 400g005","1000000000398","Panaderia067","2028-02-02","Sardimar","39.0","99"
"Jugo 500g005","1000000000399","Snacks067","2028-02-03","Gallo Dorado","39.75","100"
"Leche Entera 100g005","1000000000400","Enlatados067","2028-02-04","Dos Pinos","3.0","1"
"Queso Fresco 200g006","1000000000401","Granos067","2028-02-05","La Granja","3.75","2"
"Yogurt 300g006","1000000000402","Lacteos067","2028-02-06","Coca Cola","4.5","3"
"Coca Cola 400g006","1000000000403","Bebidas068","2028-02-07","Pepsi","5.25","4"
"Pepsi 500g006","1000000000404","Panaderia068","2028-02-08","Bimbo","6.0","5"
"Pan Blanco 100g006","1000000000405","Snacks068","2028-02-09","Lays","6.75","6"
"Pan Integral 200g006","1000000000406","Enlatados068","2028-02-10","Tortrix","7.5","7"
"Papas Fritas 300g006","1000000000407","Granos068","2028-02-11","Ducal","8.25","8"
"Tortrix 400g006","1000000000408","Lacteos068","2028-02-12","Sardimar","9.0","9"
"Atun en Lata 500g006","1000000000409","Bebidas069","2028-02-13","Gallo Dorado","9.75","10"
"Frijoles Volteados 100g006","1000000000410","Panaderia069","2028-02-14","Dos Pinos","10.5","11"
"Arroz 200g006","1000000000411","Snacks069","2028-02-15","La Granja","11.25","12"
"Azúcar 300g006","1000000000412","Enlatados069","2028-02-16","Coca Cola","12.0","13"
"Café 400g006","1000000000413","Granos069","2028-02-17","Pepsi","12.75","14"
"Agua Pura 500g006","1000000000414","Lacteos069","2028-02-18","Bimbo","13.5","15"
"Jugo 100g006","1000000000415","Bebidas070","2028-02-19","Lays","14.25","16"
"Leche Entera 200g006","1000000000416","Panaderia070","2028-02-20","Tortrix","15.0","17"
"Queso Fresco 300g006","1000000000417","Snacks070","2028-02-21","Ducal","15.75","18"
"Yogurt 400g006","1000000000418","Enlatados070","2028-02-22","Sardimar","16.5","19"
"Coca Cola 500g006","1000000000419","Granos070","2028-02-23","Gallo Dorado","17.25","20"
"Pepsi 100g006","1000000000420","Lacteos070","2028-02-24","Dos Pinos","18.0","21"
"Pan Blanco 200g006","1000000000421","Bebidas071","2028-02-25","La Granja","18.75","22"
"Pan Integral 300g006","1000000000422","Panaderia071","2028-02-26","Coca Cola","19.5","23"
"Papas Fritas 400g006","1000000000423","Snacks071","2028-02-27","Pepsi","20.25","24"
"Tortrix 500g006","1000000000424","Enlatados071","2028-02-28","Bimbo","21.0","25"
"Atun en Lata 100g006","1000000000425","Granos071","2028-02-29","Lays","21.75","26"
"Frijoles Volteados 200g006","1000000000426","Lacteos071","2028-03-01","Tortrix","22.5","27"
"Arroz 300g006","1000000000427","Bebidas072","2028-03-02","Ducal","23.25","28"
"Azúcar 400g006","1000000000428","Panaderia072","2028-03-03","Sardimar","24.0","29"
"Café 500g006","1000000000429","Snacks072","2028-03-04","Gallo Dorado","24.75","30"
"Agua Pura 100g006","1000000000430","Enlatados072","2028-03-05","Dos Pinos","25.5","31"
"Jugo 200g006","1000000000431","Granos072","2028-03-06","La Granja","26.25","32"
"Leche Entera 300g006","1000000000432","Lacteos072","2028-03-07","Coca Cola","27.0","33"
"Queso Fresco 400g006","1000000000433","Bebidas073","2028-03-08","Pepsi","27.75","34"
"Yogurt 500g006","1000000000434","Panaderia073","2028-03-09","Bimbo","28.5","35"
"Coca Cola 100g006","1000000000435","Snacks073","2028-03-10","Lays","29.25","36"
"Pepsi 200g006","1000000000436","Enlatados073","2028-03-11","Tortrix","30.0","37"
"Pan Blanco 300g006","1000000000437","Granos073","2028-03-12","Ducal","30.75","38"
"Pan Integral 400g006","1000000000438","Lacteos073","2028-03-13","Sardimar","31.5","39"
"Papas Fritas 500g006","1000000000439","Bebidas074","2028-03-14","Gallo Dorado","32.25","40"
"Tortrix 100g006","1000000000440","Panaderia074","2028-03-15","Dos Pinos","33.0","41"
"Atun en Lata 200g006","1000000000441","Snacks074","2028-03-16","La Granja","33.75","42"
"Frijoles Volteados 300g006","1000000000442","Enlatados074","2028-03-17","Coca Cola","34.5","43"
"Arroz 400g006","1000000000443","Granos074","2028-03-18","Pepsi","35.25","44"
"Azúcar 500g006","1000000000444","Lacteos074","2028-03-19","Bimbo","36.0","45"
"Café 100g006","1000000000445","Bebidas075","2028-03-20","Lays","36.75","46"
"Agua Pura 200g006","1000000000446","Panaderia075","2028-03-21","Tortrix","37.5","47"
"Jugo 300g006","1000000000447","Snacks075","2028-03-22","Ducal","38.25","48"
"Leche Entera 400g006","1000000000448","Enlatados075","2028-03-23","Sardimar","39.0","49"
"Queso Fresco 500g006","1000000000449","Granos075","2028-03-24","Gallo Dorado","39.75","50"
"Yogurt 100g006","1000000000450","Lacteos075","2028-03-25","Dos Pinos","3.0","51"
"Coca Cola 200g006","1000000000451","Bebidas076","2028-03-26","La Granja","3.75","52"
"Pepsi 300g006","1000000000452","Panaderia076","2028-03-27","Coca Cola","4.5","53"
"Pan Blanco 400g006","1000000000453","Snacks076","2028-03-28","Pepsi","5.25","54"
"Pan Integral 500g006","1000000000454","Enlatados076","2028-03-29","Bimbo","6.0","55"
"Papas Fritas 100g006","1000000000455","Granos076","2028-03-30","Lays","6.75","56"
"Tortrix 200g006","1000000000456","Lacteos076","2028-03-31","Tortrix","7.5","57"
"Atun en Lata 300g006","1000000000457","Bebidas077","2028-04-01","Ducal","8.25","58"
"Frijoles Volteados 400g006","1000000000458","Panaderia077","2028-04-02","Sardimar","9.0","59"
"Arroz 500g006","1000000000459","Snacks077","2028-04-03","Gallo Dorado","9.75","60"
"Azúcar 100g006","1000000000460","Enlatados077","2028-04-04","Dos Pinos","10.5","61"
"Café 200g006","1000000000461","Granos077","2028-04-05","La Granja","11.25","62"
"Agua Pura 300g006","1000000000462","Lacteos077","2028-04-06","Coca Cola","12.0","63"
"Jugo 400g006","1000000000463","Bebidas078","2028-04-07","Pepsi","12.75","64"
"Leche Entera 500g006","1000000000464","Panaderia078","2028-04-08","Bimbo","13.5","65"
"Queso Fresco 100g006","1000000000465","Snacks078","2028-04-09","Lays","14.25","66"
"Yogurt 200g006","1000000000466","Enlatados078","2028-04-10","Tortrix","15.0","67"
"Coca Cola 300g006","1000000000467","Granos078","2028-04-11","Ducal","15.75","68"
"Pepsi 400g006","1000000000468","Lacteos078","2028-04-12","Sardimar","16.5","69"
"Pan Blanco 500g006","1000000000469","Bebidas079","2028-04-13","Gallo Dorado","17.25","70"
"Pan Integral 100g006","1000000000470","Panaderia079","2028-04-14","Dos Pinos","18.0","71"
"Papas Fritas 200g006","1000000000471","Snacks079","2028-04-15","La Granja","18.75","72"
"Tortrix 300g006","1000000000472","Enlatados079","2028-04-16","Coca Cola","19.5","73"
"Atun en Lata 400g006","1000000000473","Granos079","2028-04-17","Pepsi","20.25","74"
"Frijoles Volteados 500g006","1000000000474","Lacteos079","2028-04-18","Bimbo","21.0","75"
"Arroz 100g006","1000000000475","Bebidas080","2028-04-19","Lays","21.75","76"
"Azúcar 200g006","1000000000476","Panaderia080","2028-04-20","Tortrix","22.5","77"
"Café 300g006","1000000000477","Snacks080","2028-04-21","Ducal","23.25","78"
"Agua Pura 400g006","1000000000478","Enlatados080","2028-04-22","Sardimar","24.0","79"
"Jugo 500g006","1000000000479","Granos080","2028-04-23","Gallo Dorado","24.75","80"
"Leche Entera 100g006","1000000000480","Lacteos080","2028-04-24","Dos Pinos","25.5","81"
"Queso Fresco 200g007","1000000000481","Bebidas081","2028-04-25","La Granja","26.25","82"
"Yogurt 300g007","1000000000482","Panaderia081","2028-04-26","Coca Cola","27.0","83"
"Coca Cola 400g007","1000000000483","Snacks081","2028-04-27","Pepsi","27.75","84"
"Pepsi 500g007","1000000000484","Enlatados081","2028-04-28","Bimbo","28.5","85"
"Pan Blanco 100g007","1000000000485","Granos081","2028-04-29","Lays","29.25","86"
"Pan Integral 200g007","1000000000486","Lacteos081","2028-04-30","Tortrix","30.0","87"
"Papas Fritas 300g007","1000000000487","Bebidas082","2028-05-01","Ducal","30.75","88"
"Tortrix 400g007","1000000000488","Panaderia082","2028-05-02","Sardimar","31.5","89"
"Atun en Lata 500g007","1000000000489","Snacks082","2028-05-03","Gallo Dorado","32.25","90"
"Frijoles Volteados 100g007","1000000000490","Enlatados082","2028-05-04","Dos Pinos","33.0","91"
"Arroz 200g007","1000000000491","Granos082","2028-05-05","La Granja","33.75","92"
"Azúcar 300g007","1000000000492","Lacteos082","2028-05-06","Coca Cola","34.5","93"
"Café 400g007","1000000000493","Bebidas083","2028-05-07","Pepsi","35.25","94"
"Agua Pura 500g007","1000000000494","Panaderia083","2028-05-08","Bimbo","36.0","95"
"Jugo 100g007","1000000000495","Snacks083","2028-05-09","Lays","36.75","96"
"Leche Entera 200g007","1000000000496","Enlatados083","2028-05-10","Tortrix","37.5","97"
"Queso Fresco 300g007","1000000000497","Granos083","2028-05-11","Ducal","38.25","98"
"Yogurt 400g007","1000000000498","Lacteos083","2028-05-12","Sardimar","39.0","99"
"Coca Cola 500g007","1000000000499","Bebidas084","2028-05-13","Gallo Dorado","39.75","100"
"Pepsi 100g007","1000000000500","Panaderia084","2028-05-14","Dos Pinos","3.0","1"
"Pan Blanco 200g007","1000000000501","Snacks084","2028-05-15","La Granja","3.75","2"
"Pan Integral 300g007","1000000000502","Enlatados084","2028-05-16","Coca Cola","4.5","3"
"Papas Fritas 400g007","1000000000503","Granos084","2028-05-17","Pepsi","5.25","4"
"Tortrix 500g007","1000000000504","Lacteos084","2028-05-18","Bimbo","6.0","5"
"Atun en Lata 100g007","1000000000505","Bebidas085","2028-05-19","Lays","6.75","6"
"Frijoles Volteados 200g007","1000000000506","Panaderia085","2028-05-20","Tortrix","7.5","7"
"Arroz 300g007","1000000000507","Snacks085","2028-05-21","Ducal","8.25","8"
"Azúcar 400g007","1000000000508","Enlatados085","2028-05-22","Sardimar","9.0","9"
"Café 500g007","1000000000509","Granos085","2028-05-23","Gallo Dorado","9.75","10"
"Agua Pura 100g007","1000000000510","Lacteos085","2028-05-24","Dos Pinos","10.5","11"
"Jugo 200g007","1000000000511","Bebidas086","2028-05-25","La Granja","11.25","12"
"Leche Entera 300g007","1000000000512","Panaderia086","2028-05-26","Coca Cola","12.0","13"
"Queso Fresco 400g007","1000000000513","Snacks086","2028-05-27","Pepsi","12.75","14"
"Yogurt 500g007","1000000000514","Enlatados086","2028-05-28","Bimbo","13.5","15"
"Coca Cola 100g007","1000000000515","Granos086","2028-05-29","Lays","14.25","16"
"Pepsi 200g007","1000000000516","Lacteos086","2028-05-30","Tortrix","15.0","17"
"Pan Blanco 300g007","1000000000517","Bebidas087","2028-05-31","Ducal","15.75","18"
"Pan Integral 400g007","1000000000518","Panaderia087","2028-06-01","Sardimar","16.5","19"
"Papas Fritas 500g007","1000000000519","Snacks087","2028-06-02","Gallo Dorado","17.25","20"
"Tortrix 100g007","1000000000520","Enlatados087","2028-06-03","Dos Pinos","18.0","21"
"Atun en Lata 200g007","1000000000521","Granos087","2028-06-04","La Granja","18.75","22"
"Frijoles Volteados 300g007","1000000000522","Lacteos087","2028-06-05","Coca Cola","19.5","23"
"Arroz 400g007","1000000000523","Bebidas088","2028-06-06","Pepsi","20.25","24"
"Azúcar 500g007","1000000000524","Panaderia088","2028-06-07","Bimbo","21.0","25"
"Café 100g007","1000000000525","Snacks088","2028-06-08","Lays","21.75","26"
"Agua Pura 200g007","1000000000526","Enlatados088","2028-06-09","Tortrix","22.5","27"
"Jugo 300g007","1000000000527","Granos088","2028-06-10","Ducal","23.25","28"
"Leche Entera 400g007","1000000000528","Lacteos088","2028-06-11","Sardimar","24.0","29"
"Queso Fresco 500g007","1000000000529","Bebidas089","2028-06-12","Gallo Dorado","24.75","30"
"Yogurt 100g007","1000000000530","Panaderia089","2028-06-13","Dos Pinos","25.5","31"
"Coca Cola 200g007","1000000000531","Snacks089","2028-06-14","La Granja","26.25","32"
"Pepsi 300g007","1000000000532","Enlatados089","2028-06-15","Coca Cola","27.0","33"
"Pan Blanco 400g007","1000000000533","Granos089","2028-06-16","Pepsi","27.75","34"
"Pan Integral 500g007","1000000000534","Lacteos089","2028-06-17","Bimbo","28.5","35"
"Papas Fritas 100g007","1000000000535","Bebidas090","2028-06-18","Lays","29.25","36"
"Tortrix 200g007","1000000000536","Panaderia090","2028-06-19","Tortrix","30.0","37"
"Atun en Lata 300g007","1000000000537","Snacks090","2028-06-20","Ducal","30.75","38"
"Frijoles Volteados 400g007","1000000000538","Enlatados090","2028-06-21","Sardimar","31.5","39"
"Arroz 500g007","1000000000539","Granos090","2028-06-22","Gallo Dorado","32.25","40"
"Azúcar 100g007","1000000000540","Lacteos090","2028-06-23","Dos Pinos","33.0","41"
"Café 200g007","1000000000541","Bebidas091","2028-06-24","La Granja","33.75","42"
"Agua Pura 300g007","1000000000542","Panaderia091","2028-06-25","Coca Cola","34.5","43"
"Jugo 400g007","1000000000543","Snacks091","2028-06-26","Pepsi","35.25","44"
"Leche Entera 500g007","1000000000544","Enlatados091","2028-06-27","Bimbo","36.0","45"
"Queso Fresco 100g007","1000000000545","Granos091","2028-06-28","Lays","36.75","46"
"Yogurt 200g007","1000000000546","Lacteos091","2028-06-29","Tortrix","37.5","47"
"Coca Cola 300g007","1000000000547","Bebidas092","2028-06-30","Ducal","38.25","48"
"Pepsi 400g007","1000000000548","Panaderia092","2028-07-01","Sardimar","39.0","49"
"Pan Blanco 500g007","1000000000549","Snacks092","2028-07-02","Gallo Dorado","39.75","50"
"Pan Integral 100g007","1000000000550","Enlatados092","2028-07-03","Dos Pinos","3.0","51"
"Papas Fritas 200g007","1000000000551","Granos092","2028-07-04","La Granja","3.75","52"
"Tortrix 300g007","1000000000552","Lacteos092","2028-07-05","Coca Cola","4.5","53"
"Atun en Lata 400g007","1000000000553","Bebidas093","2028-07-06","Pepsi","5.25","54"
"Frijoles Volteados 500g007","1000000000554","Panaderia093","2028-07-07","Bimbo","6.0","55"
"Arroz 100g007","1000000000555","Snacks093","2028-07-08","Lays","6.75","56"
"Azúcar 200g007","1000000000556","Enlatados093","2028-07-09","Tortrix","7.5","57"
"Café 300g007","1000000000557","Granos093","2028-07-10","Ducal","8.25","58"
"Agua Pura 400g007","1000000000558","Lacteos093","2028-07-11","Sardimar","9.0","59"
"Jugo 500g007","1000000000559","Bebidas094","2028-07-12","Gallo Dorado","9.75","60"
"Leche Entera 100g007","1000000000560","Panaderia094","2028-07-13","Dos Pinos","10.5","61"
"Queso Fresco 200g008","1000000000561","Snacks094","2028-07-14","La Granja","11.25","62"
"Yogurt 300g008","1000000000562","Enlatados094","2028-07-15","Coca Cola","12.0","63"
"Coca Cola 400g008","1000000000563","Granos094","2028-07-16","Pepsi","12.75","64"
"Pepsi 500g008","1000000000564","Lacteos094","2028-07-17","Bimbo","13.5","65"
"Pan Blanco 100g008","1000000000565","Bebidas095","2028-07-18","Lays","14.25","66"
"Pan Integral 200g008","1000000000566","Panaderia095","2028-07-19","Tortrix","15.0","67"
"Papas Fritas 300g008","1000000000567","Snacks095","2028-07-20","Ducal","15.75","68"
"Tortrix 400g008","1000000000568","Enlatados095","2028-07-21","Sardimar","16.5","69"
"Atun en Lata 500g008","1000000000569","Granos095","2028-07-22","Gallo Dorado","17.25","70"
"Frijoles Volteados 100g008","1000000000570","Lacteos095","2028-07-23","Dos Pinos","18.0","71"
"Arroz 200g008","1000000000571","Bebidas096","2028-07-24","La Granja","18.75","72"
"Azúcar 300g008","1000000000572","Panaderia096","2028-07-25","Coca Cola","19.5","73"
"Café 400g008","1000000000573","Snacks096","2028-07-26","Pepsi","20.25","74"
"Agua Pura 500g008","1000000000574","Enlatados096","2028-07-27","Bimbo","21.0","75"
"Jugo 100g008","1000000000575","Granos096","2028-07-28","Lays","21.75","76"
"Leche Entera 200g008","1000000000576","Lacteos096","2028-07-29","Tortrix","22.5","77"
"Queso Fresco 300g008","1000000000577","Bebidas097","2028-07-30","Ducal","23.25","78"
"Yogurt 400g008","1000000000578","Panaderia097","2028-07-31","Sardimar","24.0","79"
"Coca Cola 500g008","1000000000579","Snacks097","2028-08-01","Gallo Dorado","24.75","80"
"Pepsi 100g008","1000000000580","Enlatados097","2028-08-02","Dos Pinos","25.5","81"
"Pan Blanco 200g008","1000000000581","Granos097","2028-08-03","La Granja","26.25","82"
"Pan Integral 300g008","1000000000582","Lacteos097","2028-08-04","Coca Cola","27.0","83"
"Papas Fritas 400g008","1000000000583","Bebidas098","2028-08-05","Pepsi","27.75","84"
"Tortrix 500g008","1000000000584","Panaderia098","2028-08-06","Bimbo","28.5","85"
"Atun en Lata 100g008","1000000000585","Snacks098","2028-08-07","Lays","29.25","86"
"Frijoles Volteados 200g008","1000000000586","Enlatados098","2028-08-08","Tortrix","30.0","87"
"Arroz 300g008","1000000000587","Granos098","2028-08-09","Ducal","30.75","88"
"Azúcar 400g008","1000000000588","Lacteos098","2028-08-10","Sardimar","31.5","89"
"Café 500g008","1000000000589","Bebidas099","2028-08-11","Gallo Dorado","32.25","90"
"Agua Pura 100g008","1000000000590","Panaderia099","2028-08-12","Dos Pinos","33.0","91"
"Jugo 200g008","1000000000591","Snacks099","2028-08-13","La Granja","33.75","92"
"Leche Entera 300g008","1000000000592","Enlatados099","2028-08-14","Coca Cola","34.5","93"
"Queso Fresco 400g008","1000000000593","Granos099","2028-08-15","Pepsi","35.25","94"
"Yogurt 500g008","1000000000594","Lacteos099","2028-08-16","Bimbo","36.0","95"
"Coca Cola 100g008","1000000000595","Bebidas100","2028-08-17","Lays","36.75","96"
"Pepsi 200g008","1000000000596","Panaderia100","2028-08-18","Tortrix","37.5","97"
"Pan Blanco 300g008","1000000000597","Snacks100","2028-08-19","Ducal","38.25","98"
"Pan Integral 400g008","1000000000598","Enlatados100","2028-08-20","Sardimar","39.0","99"
"Papas Fritas 500g008","1000000000599","Granos100","2028-08-21","Gallo Dorado","39.75","100"
"Tortrix 100g008","1000000000600","Lacteos100","2028-08-22","Dos Pinos","3.0","1"
"Atun en Lata 200g008","1000000000601","Bebidas101","2028-08-23","La Granja","3.75","2"
"Frijoles Volteados 300g008","1000000000602","Panaderia101","2028-08-24","Coca Cola","4.5","3"
"Arroz 400g008","1000000000603","Snacks101","2028-08-25","Pepsi","5.25","4"
"Azúcar 500g008","1000000000604","Enlatados101","2028-08-26","Bimbo","6.0","5"
"Café 100g008","1000000000605","Granos101","2028-08-27","Lays","6.75","6"
"Agua Pura 200g008","1000000000606","Lacteos101","2028-08-28","Tortrix","7.5","7"
"Jugo 300g008","1000000000607","Bebidas102","2028-08-29","Ducal","8.25","8"
"Leche Entera 400g008","1000000000608","Panaderia102","2028-08-30","Sardimar","9.0","9"
"Queso Fresco 500g008","1000000000609","Snacks102","2028-08-31","Gallo Dorado","9.75","10"
"Yogurt 100g008","1000000000610","Enlatados102","2028-09-01","Dos Pinos","10.5","11"
"Coca Cola 200g008","1000000000611","Granos102","2028-09-02","La Granja","11.25","12"
"Pepsi 300g008","1000000000612","Lacteos102","2028-09-03","Coca Cola","12.0","13"
"Pan Blanco 400g008","1000000000613","Bebidas103","2028-09-04","Pepsi","12.75","14"
"Pan Integral 500g008","1000000000614","Panaderia103","2028-09-05","Bimbo","13.5","15"
"Papas Fritas 100g008","1000000000615","Snacks103","2028-09-06","Lays","14.25","16"
"Tortrix 200g008","1000000000616","Enlatados103","2028-09-07","Tortrix","15.0","17"
"Atun en Lata 300g008","1000000000617","Granos103","2028-09-08","Ducal","15.75","18"
"Frijoles Volteados 400g008","1000000000618","Lacteos103","2028-09-09","Sardimar","16.5","19"
"Arroz 500g008","1000000000619","Bebidas104","2028-09-10","Gallo Dorado","17.25","20"
"Azúcar 100g008","1000000000620","Panaderia104","2028-09-11","Dos Pinos","18.0","21"
"Café 200g008","1000000000621","Snacks104","2028-09-12","La Granja","18.75","22"
"Agua Pura 300g008","1000000000622","Enlatados104","2028-09-13","Coca Cola","19.5","23"
"Jugo 400g008","1000000000623","Granos104","2028-09-14","Pepsi","20.25","24"
"Leche Entera 500g008","1000000000624","Lacteos104","2028-09-15","Bimbo","21.0","25"
"Queso Fresco 100g008","1000000000625","Bebidas105","2028-09-16","Lays","21.75","26"
"Yogurt 200g008","1000000000626","Panaderia105","2028-09-17","Tortrix","22.5","27"
"Coca Cola 300g008","1000000000627","Snacks105","2028-09-18","Ducal","23.25","28"
"Pepsi 400g008","1000000000628","Enlatados105","2028-09-19","Sardimar","24.0","29"
"Pan Blanco 500g008","1000000000629","Granos105","2028-09-20","Gallo Dorado","24.75","30"
"Pan Integral 100g008","1000000000630","Lacteos105","2028-09-21","Dos Pinos","25.5","31"
"Papas Fritas 200g008","1000000000631","Bebidas106","2028-09-22","La Granja","26.25","32"
"Tortrix 300g008","1000000000632","Panaderia106","2028-09-23","Coca Cola","27.0","33"
"Atun en Lata 400g008","1000000000633","Snacks106","2028-09-24","Pepsi","27.75","34"
"Frijoles Volteados 500g008","1000000000634","Enlatados106","2028-09-25","Bimbo","28.5","35"
"Arroz 100g008","1000000000635","Granos106","2028-09-26","Lays","29.25","36"
"Azúcar 200g008","1000000000636","Lacteos106","2028-09-27","Tortrix","30.0","37"
"Café 300g008","1000000000637","Bebidas107","2028-09-28","Ducal","30.75","38"
"Agua Pura 400g008","1000000000638","Panaderia107","2028-09-29","Sardimar","31.5","39"
"Jugo 500g008","1000000000639","Snacks107","2028-09-30","Gallo Dorado","32.25","40"
"Leche Entera 100g008","1000000000640","Enlatados107","2028-10-01","Dos Pinos","33.0","41"
"Queso Fresco 200g009","1000000000641","Granos107","2028-10-02","La Granja","33.75","42"
"Yogurt 300g009","1000000000642","Lacteos107","2028-10-03","Coca Cola","34.5","43"
"Coca Cola 400g009","1000000000643","Bebidas108","2028-10-04","Pepsi","35.25","44"
"Pepsi 500g009","1000000000644","Panaderia108","2028-10-05","Bimbo","36.0","45"
"Pan Blanco 100g009","1000000000645","Snacks108","2028-10-06","Lays","36.75","46"
"Pan Integral 200g009","1000000000646","Enlatados108","2028-10-07","Tortrix","37.5","47"
"Papas Fritas 300g009","1000000000647","Granos108","2028-10-08","Ducal","38.25","48"
"Tortrix 400g009","1000000000648","Lacteos108","2028-10-09","Sardimar","39.0","49"
"Atun en Lata 500g009","1000000000649","Bebidas109","2028-10-10","Gallo Dorado","39.75","50"
"Frijoles Volteados 100g009","1000000000650","Panaderia109","2028-10-11","Dos Pinos","3.0","51"
"Arroz 200g009","1000000000651","Snacks109","2028-10-12","La Granja","3.75","52"
"Azúcar 300g009","1000000000652","Enlatados109","2028-10-13","Coca Cola","4.5","53"
"Café 400g009","1000000000653","Granos109","2028-10-14","Pepsi","5.25","54"
"Agua Pura 500g009","1000000000654","Lacteos109","2028-10-15","Bimbo","6.0","55"
"Jugo 100g009","1000000000655","Bebidas110","2028-10-16","Lays","6.75","56"
"Leche Entera 200g009","1000000000656","Panaderia110","2028-10-17","Tortrix","7.5","57"
"Queso Fresco 300g009","1000000000657","Snacks110","2028-10-18","Ducal","8.25","58"
"Yogurt 400g009","1000000000658","Enlatados110","2028-10-19","Sardimar","9.0","59"
"Coca Cola 500g009","1000000000659","Granos110","2028-10-20","Gallo Dorado","9.75","60"
"Pepsi 100g009","1000000000660","Lacteos110","2028-10-21","Dos Pinos","10.5","61"
"Pan Blanco 200g009","1000000000661","Bebidas111","2028-10-22","La Granja","11.25","62"
"Pan Integral 300g009","1000000000662","Panaderia111","2028-10-23","Coca Cola","12.0","63"
"Papas Fritas 400g009","1000000000663","Snacks111","2028-10-24","Pepsi","12.75","64"
"Tortrix 500g009","1000000000664","Enlatados111","2028-10-25","Bimbo","13.5","65"
"Atun en Lata 100g009","1000000000665","Granos111","2028-10-26","Lays","14.25","66"
"Frijoles Volteados 200g009","1000000000666","Lacteos111","2028-10-27","Tortrix","15.0","67"
"Arroz 300g009","1000000000667","Bebidas112","2028-10-28","Ducal","15.75","68"
"Azúcar 400g009","1000000000668","Panaderia112","2028-10-29","Sardimar","16.5","69"
"Café 500g009","1000000000669","Snacks112","2028-10-30","Gallo Dorado","17.25","70"
"Agua Pura 100g009","1000000000670","Enlatados112","2028-10-31","Dos Pinos","18.0","71"
"Jugo 200g009","1000000000671","Granos112","2028-11-01","La Granja","18.75","72"
"Leche Entera 300g009","1000000000672","Lacteos112","2028-11-02","Coca Cola","19.5","73"
"Queso Fresco 400g009","1000000000673","Bebidas113","2028-11-03","Pepsi","20.25","74"
"Yogurt 500g009","1000000000674","Panaderia113","2028-11-04","Bimbo","21.0","75"
"Coca Cola 100g009","1000000000675","Snacks113","2028-11-05","Lays","21.75","76"
"Pepsi 200g009","1000000000676","Enlatados113","2028-11-06","Tortrix","22.5","77"
"Pan Blanco 300g009","1000000000677","Granos113","2028-11-07","Ducal","23.25","78"
"Pan Integral 400g009","1000000000678","Lacteos113","2028-11-08","Sardimar","24.0","79"
"Papas Fritas 500g009","1000000000679","Bebidas114","2028-11-09","Gallo Dorado","24.75","80"
"Tortrix 100g009","1000000000680","Panaderia114","2028-11-10","Dos Pinos","25.5","81"
"Atun en Lata 200g009","1000000000681","Snacks114","2028-11-11","La Granja","26.25","82"
"Frijoles Volteados 300g009","1000000000682","Enlatados114","2028-11-12","Coca Cola","27.0","83"
"Arroz 400g009","1000000000683","Granos114","2028-11-13","Pepsi","27.75","84"
"Azúcar 500g009","1000000000684","Lacteos114","2028-11-14","Bimbo","28.5","85"
"Café 100g009","1000000000685","Bebidas115","2028-11-15","Lays","29.25","86"
"Agua Pura 200g009","1000000000686","Panaderia115","2028-11-16","Tortrix","30.0","87"
"Jugo 300g009","1000000000687","Snacks115","2028-11-17","Ducal","30.75","88"
"Leche Entera 400g009","1000000000688","Enlatados115","2028-11-18","Sardimar","31.5","89"
"Queso Fresco 500g009","1000000000689","Granos115","2028-11-19","Gallo Dorado","32.25","90"
"Yogurt 100g009","1000000000690","Lacteos115","2028-11-20","Dos Pinos","33.0","91"
"Coca Cola 200g009","1000000000691","Bebidas116","2028-11-21","La Granja","33.75","92"
"Pepsi 300g009","1000000000692","Panaderia116","2028-11-22","Coca Cola","34.5","93"
"Pan Blanco 400g009","1000000000693","Snacks116","2028-11-23","Pepsi","35.25","94"
"Pan Integral 500g009","1000000000694","Enlatados116","2028-11-24","Bimbo","36.0","95"
"Papas Fritas 100g009","1000000000695","Granos116","2028-11-25","Lays","36.75","96"
"Tortrix 200g009","1000000000696","Lacteos116","2028-11-26","Tortrix","37.5","97"
"Atun en Lata 300g009","1000000000697","Bebidas117","2028-11-27","Ducal","38.25","98"
"Frijoles Volteados 400g009","1000000000698","Panaderia117","2028-11-28","Sardimar","39.0","99"
"Arroz 500g009","1000000000699","Snacks117","2028-11-29","Gallo Dorado","39.75","100"
"Azúcar 100g009","1000000000700","Enlatados117","2028-11-30","Dos Pinos","3.0","1"
"Café 200g009","1000000000701","Granos117","2028-12-01","La Granja","3.75","2"
"Agua Pura 300g009","1000000000702","Lacteos117","2028-12-02","Coca Cola","4.5","3"
"Jugo 400g009","1000000000703","Bebidas118","2028-12-03","Pepsi","5.25","4"
"Leche Entera 500g009","1000000000704","Panaderia118","2028-12-04","Bimbo","6.0","5"
"Queso Fresco 100g009","1000000000705","Snacks118","2028-12-05","Lays","6.75","6"
"Yogurt 200g009","1000000000706","Enlatados118","2028-12-06","Tortrix","7.5","7"
"Coca Cola 300g009","1000000000707","Granos118","2028-12-07","Ducal","8.25","8"
"Pepsi 400g009","1000000000708","Lacteos118","2028-12-08","Sardimar","9.0","9"
"Pan Blanco 500g009","1000000000709","Bebidas119","2028-12-09","Gallo Dorado","9.75","10"
"Pan Integral 100g009","1000000000710","Panaderia119","2028-12-10","Dos Pinos","10.5","11"
"Papas Fritas 200g009","1000000000711","Snacks119","2028-12-11","La Granja","11.25","12"
"Tortrix 300g009","1000000000712","Enlatados119","2028-12-12","Coca Cola","12.0","13"
"Atun en Lata 400g009","1000000000713","Granos119","2028-12-13","Pepsi","12.75","14"
"Frijoles Volteados 500g009","1000000000714","Lacteos119","2028-12-14","Bimbo","13.5","15"
"Arroz 100g009","1000000000715","Bebidas120","2028-12-15","Lays","14.25","16"
"Azúcar 200g009","1000000000716","Panaderia120","2028-12-16","Tortrix","15.0","17"
"Café 300g009","1000000000717","Snacks120","2028-12-17","Ducal","15.75","18"
"Agua Pura 400g009","1000000000718","Enlatados120","2028-12-18","Sardimar","16.5","19"
"Jugo 500g009","1000000000719","Granos120","2028-12-19","Gallo Dorado","17.25","20"
"Leche Entera 100g009","1000000000720","Lacteos120","2028-12-20","Dos Pinos","18.0","21"
"Queso Fresco 200g010","1000000000721","Bebidas121","2028-12-21","La Granja","18.75","22"
"Yogurt 300g010","1000000000722","Panaderia121","2028-12-22","Coca Cola","19.5","23"
"Coca Cola 400g010","1000000000723","Snacks121","2028-12-23","Pepsi","20.25","24"
"Pepsi 500g010","1000000000724","Enlatados121","2028-12-24","Bimbo","21.0","25"
"Pan Blanco 100g010","1000000000725","Granos121","2028-12-25","Lays","21.75","26"
"Pan Integral 200g010","1000000000726","Lacteos121","2028-12-26","Tortrix","22.5","27"
"Papas Fritas 300g010","1000000000727","Bebidas122","2028-12-27","Ducal","23.25","28"
"Tortrix 400g010","1000000000728","Panaderia122","2028-12-28","Sardimar","24.0","29"
"Atun en Lata 500g010","1000000000729","Snacks122","2028-12-29","Gallo Dorado","24.75","30"
"Frijoles Volteados 100g010","1000000000730","Enlatados122","2028-12-30","Dos Pinos","25.5","31"
"Arroz 200g010","1000000000731","Granos122","2028-12-31","La Granja","26.25","32"
"Azúcar 300g010","1000000000732","Lacteos122","2029-01-01","Coca Cola","27.0","33"
"Café 400g010","1000000000733","Bebidas123","2029-01-02","Pepsi","27.75","34"
"Agua Pura 500g010","1000000000734","Panaderia123","2029-01-03","Bimbo","28.5","35"
"Jugo 100g010","1000000000735","Snacks123","2029-01-04","Lays","29.25","36"
"Leche Entera 200g010","1000000000736","Enlatados123","2029-01-05","Tortrix","30.0","37"
"Queso Fresco 300g010","1000000000737","Granos123","2029-01-06","Ducal","30.75","38"
"Yogurt 400g010","1000000000738","Lacteos123","2029-01-07","Sardimar","31.5","39"
"Coca Cola 500g010","1000000000739","Bebidas124","2029-01-08","Gallo Dorado","32.25","40"
"Pepsi 100g010","1000000000740","Panaderia124","2029-01-09","Dos Pinos","33.0","41"
"Pan Blanco 200g010","1000000000741","Snacks124","2029-01-10","La Granja","33.75","42"
"Pan Integral 300g010","1000000000742","Enlatados124","2029-01-11","Coca Cola","34.5","43"
"Papas Fritas 400g010","1000000000743","Granos124","2029-01-12","Pepsi","35.25","44"
"Tortrix 500g010","1000000000744","Lacteos124","2029-01-13","Bimbo","36.0","45"
"Atun en Lata 100g010","1000000000745","Bebidas125","2029-01-14","Lays","36.75","46"
"Frijoles Volteados 200g010","1000000000746","Panaderia125","2029-01-15","Tortrix","37.5","47"
"Arroz 300g010","1000000000747","Snacks125","2029-01-16","Ducal","38.25","48"
"Azúcar 400g010","1000000000748","Enlatados125","2029-01-17","Sardimar","39.0","49"
"Café 500g010","1000000000749","Granos125","2029-01-18","Gallo Dorado","39.75","50"
"Agua Pura 100g010","1000000000750","Lacteos125","2029-01-19","Dos Pinos","3.0","51"
"Jugo 200g010","1000000000751","Bebidas126","2029-01-20","La Granja","3.75","52"
"Leche Entera 300g010","1000000000752","Panaderia126","2029-01-21","Coca Cola","4.5","53"
"Queso Fresco 400g010","1000000000753","Snacks126","2029-01-22","Pepsi","5.25","54"
"Yogurt 500g010","1000000000754","Enlatados126","2029-01-23","Bimbo","6.0","55"
"Coca Cola 100g010","1000000000755","Granos126","2029-01-24","Lays","6.75","56"
"Pepsi 200g010","1000000000756","Lacteos126","2029-01-25","Tortrix","7.5","57"
"Pan Blanco 300g010","1000000000757","Bebidas127","2029-01-26","Ducal","8.25","58"
"Pan Integral 400g010","1000000000758","Panaderia127","2029-01-27","Sardimar","9.0","59"
"Papas Fritas 500g010","1000000000759","Snacks127","2029-01-28","Gallo Dorado","9.75","60"
"Tortrix 100g010","1000000000760","Enlatados127","2029-01-29","Dos Pinos","10.5","61"
"Atun en Lata 200g010","1000000000761","Granos127","2029-01-30","La Granja","11.25","62"
"Frijoles Volteados 300g010","1000000000762","Lacteos127","2029-01-31","Coca Cola","12.0","63"
"Arroz 400g010","1000000000763","Bebidas128","2029-02-01","Pepsi","12.75","64"
"Azúcar 500g010","1000000000764","Panaderia128","2029-02-02","Bimbo","13.5","65"
"Café 100g010","1000000000765","Snacks128","2029-02-03","Lays","14.25","66"
"Agua Pura 200g010","1000000000766","Enlatados128","2029-02-04","Tortrix","15.0","67"
"Jugo 300g010","1000000000767","Granos128","2029-02-05","Ducal","15.75","68"
"Leche Entera 400g010","1000000000768","Lacteos128","2029-02-06","Sardimar","16.5","69"
"Queso Fresco 500g010","1000000000769","Bebidas129","2029-02-07","Gallo Dorado","17.25","70"
"Yogurt 100g010","1000000000770","Panaderia129","2029-02-08","Dos Pinos","18.0","71"
"Coca Cola 200g010","1000000000771","Snacks129","2029-02-09","La Granja","18.75","72"
"Pepsi 300g010","1000000000772","Enlatados129","2029-02-10","Coca Cola","19.5","73"
"Pan Blanco 400g010","1000000000773","Granos129","2029-02-11","Pepsi","20.25","74"
"Pan Integral 500g010","1000000000774","Lacteos129","2029-02-12","Bimbo","21.0","75"
"Papas Fritas 100g010","1000000000775","Bebidas130","2029-02-13","Lays","21.75","76"
"Tortrix 200g010","1000000000776","Panaderia130","2029-02-14","Tortrix","22.5","77"
"Atun en Lata 300g010","1000000000777","Snacks130","2029-02-15","Ducal","23.25","78"
"Frijoles Volteados 400g010","1000000000778","Enlatados130","2029-02-16","Sardimar","24.0","79"
"Arroz 500g010","1000000000779","Granos130","2029-02-17","Gallo Dorado","24.75","80"
"Azúcar 100g010","1000000000780","Lacteos130","2029-02-18","Dos Pinos","25.5","81"
"Café 200g010","1000000000781","Bebidas131","2029-02-19","La Granja","26.25","82"
"Agua Pura 300g010","1000000000782","Panaderia131","2029-02-20","Coca Cola","27.0","83"
"Jugo 400g010","1000000000783","Snacks131","2029-02-21","Pepsi","27.75","84"
"Leche Entera 500g010","1000000000784","Enlatados131","2029-02-22","Bimbo","28.5","85"
"Queso Fresco 100g010","1000000000785","Granos131","2029-02-23","Lays","29.25","86"
"Yogurt 200g010","1000000000786","Lacteos131","2029-02-24","Tortrix","30.0","87"
"Coca Cola 300g010","1000000000787","Bebidas132","2029-02-25","Ducal","30.75","88"
"Pepsi 400g010","1000000000788","Panaderia132","2029-02-26","Sardimar","31.5","89"
"Pan Blanco 500g010","1000000000789","Snacks132","2029-02-27","Gallo Dorado","32.25","90"
"Pan Integral 100g010","1000000000790","Enlatados132","2029-02-28","Dos Pinos","33.0","91"
"Papas Fritas 200g010","1000000000791","Granos132","2029-03-01","La Granja","33.75","92"
"Tortrix 300g010","1000000000792","Lacteos132","2029-03-02","Coca Cola","34.5","93"
"Atun en Lata 400g010","1000000000793","Bebidas133","2029-03-03","Pepsi","35.25","94"
"Frijoles Volteados 500g010","1000000000794","Panaderia133","2029-03-04","Bimbo","36.0","95"
"Arroz 100g010","1000000000795","Snacks133","2029-03-05","Lays","36.75","96"
"Azúcar 200g010","1000000000796","Enlatados133","2029-03-06","Tortrix","37.5","97"
"Café 300g010","1000000000797","Granos133","2029-03-07","Ducal","38.25","98"
"Agua Pura 400g010","1000000000798","Lacteos133","2029-03-08","Sardimar","39.0","99"
"Jugo 500g010","1000000000799","Bebidas134","2029-03-09","Gallo Dorado","39.75","100"
"Leche Entera 100g010","1000000000800","Panaderia134","2029-03-10","Dos Pinos","3.0","1"
"Queso Fresco 200g011","1000000000801","Snacks134","2029-03-11","La Granja","3.75","2"
"Yogurt 300g011","1000000000802","Enlatados134","2029-03-12","Coca Cola","4.5","3"
"Coca Cola 400g011","1000000000803","Granos134","2029-03-13","Pepsi","5.25","4"
"Pepsi 500g011","1000000000804","Lacteos134","2029-03-14","Bimbo","6.0","5"
"Pan Blanco 100g011","1000000000805","Bebidas135","2029-03-15","Lays","6.75","6"
"Pan Integral 200g011","1000000000806","Panaderia135","2029-03-16","Tortrix","7.5","7"
"Papas Fritas 300g011","1000000000807","Snacks135","2029-03-17","Ducal","8.25","8"
"Tortrix 400g011","1000000000808","Enlatados135","2029-03-18","Sardimar","9.0","9"
"Atun en Lata 500g011","1000000000809","Granos135","2029-03-19","Gallo Dorado","9.75","10"
"Frijoles Volteados 100g011","1000000000810","Lacteos135","2029-03-20","Dos Pinos","10.5","11"
"Arroz 200g011","1000000000811","Bebidas136","2029-03-21","La Granja","11.25","12"
"Azúcar 300g011","1000000000812","Panaderia136","2029-03-22","Coca Cola","12.0","13"
"Café 400g011","1000000000813","Snacks136","2029-03-23","Pepsi","12.75","14"
"Agua Pura 500g011","1000000000814","Enlatados136","2029-03-24","Bimbo","13.5","15"
"Jugo 100g011","1000000000815","Granos136","2029-03-25","Lays","14.25","16"
"Leche Entera 200g011","1000000000816","Lacteos136","2029-03-26","Tortrix","15.0","17"
"Queso Fresco 300g011","1000000000817","Bebidas137","2029-03-27","Ducal","15.75","18"
"Yogurt 400g011","1000000000818","Panaderia137","2029-03-28","Sardimar","16.5","19"
"Coca Cola 500g011","1000000000819","Snacks137","2029-03-29","Gallo Dorado","17.25","20"
"Pepsi 100g011","1000000000820","Enlatados137","2029-03-30","Dos Pinos","18.0","21"
"Pan Blanco 200g011","1000000000821","Granos137","2029-03-31","La Granja","18.75","22"
"Pan Integral 300g011","1000000000822","Lacteos137","2029-04-01","Coca Cola","19.5","23"
"Papas Fritas 400g011","1000000000823","Bebidas138","2029-04-02","Pepsi","20.25","24"
"Tortrix 500g011","1000000000824","Panaderia138","2029-04-03","Bimbo","21.0","25"
"Atun en Lata 100g011","1000000000825","Snacks138","2029-04-04","Lays","21.75","26"
"Frijoles Volteados 200g011","1000000000826","Enlatados138","2029-04-05","Tortrix","22.5","27"
"Arroz 300g011","1000000000827","Granos138","2029-04-06","Ducal","23.25","28"
"Azúcar 400g011","1000000000828","Lacteos138","2029-04-07","Sardimar","24.0","29"
"Café 500g011","1000000000829","Bebidas139","2029-04-08","Gallo Dorado","24.75","30"
"Agua Pura 100g011","1000000000830","Panaderia139","2029-04-09","Dos Pinos","25.5","31"
"Jugo 200g011","1000000000831","Snacks139","2029-04-10","La Granja","26.25","32"
"Leche Entera 300g011","1000000000832","Enlatados139","2029-04-11","Coca Cola","27.0","33"
"Queso Fresco 400g011","1000000000833","Granos139","2029-04-12","Pepsi","27.75","34"
"Yogurt 500g011","1000000000834","Lacteos139","2029-04-13","Bimbo","28.5","35"
"Coca Cola 100g011","1000000000835","Bebidas140","2029-04-14","Lays","29.25","36"
"Pepsi 200g011","1000000000836","Panaderia140","2029-04-15","Tortrix","30.0","37"
"Pan Blanco 300g011","1000000000837","Snacks140","2029-04-16","Ducal","30.75","38"
"Pan Integral 400g011","1000000000838","Enlatados140","2029-04-17","Sardimar","31.5","39"
"Papas Fritas 500g011","1000000000839","Granos140","2029-04-18","Gallo Dorado","32.25","40"
"Tortrix 100g011","1000000000840","Lacteos140","2029-04-19","Dos Pinos","33.0","41"
"Atun en Lata 200g011","1000000000841","Bebidas141","2029-04-20","La Granja","33.75","42"
"Frijoles Volteados 300g011","1000000000842","Panaderia141","2029-04-21","Coca Cola","34.5","43"
"Arroz 400g011","1000000000843","Snacks141","2029-04-22","Pepsi","35.25","44"
"Azúcar 500g011","1000000000844","Enlatados141","2029-04-23","Bimbo","36.0","45"
"Café 100g011","1000000000845","Granos141","2029-04-24","Lays","36.75","46"
"Agua Pura 200g011","1000000000846","Lacteos141","2029-04-25","Tortrix","37.5","47"
"Jugo 300g011","1000000000847","Bebidas142","2029-04-26","Ducal","38.25","48"
"Leche Entera 400g011","1000000000848","Panaderia142","2029-04-27","Sardimar","39.0","49"
"Queso Fresco 500g011","1000000000849","Snacks142","2029-04-28","Gallo Dorado","39.75","50"
"Yogurt 100g011","1000000000850","Enlatados142","2029-04-29","Dos Pinos","3.0","51"
"Coca Cola 200g011","1000000000851","Granos142","2029-04-30","La Granja","3.75","52"
"Pepsi 300g011","1000000000852","Lacteos142","2029-05-01","Coca Cola","4.5","53"
"Pan Blanco 400g011","1000000000853","Bebidas143","2029-05-02","Pepsi","5.25","54"
"Pan Integral 500g011","1000000000854","Panaderia143","2029-05-03","Bimbo","6.0","55"
"Papas Fritas 100g011","1000000000855","Snacks143","2029-05-04","Lays","6.75","56"
"Tortrix 200g011","1000000000856","Enlatados143","2029-05-05","Tortrix","7.5","57"
"Atun en Lata 300g011","1000000000857","Granos143","2029-05-06","Ducal","8.25","58"
"Frijoles Volteados 400g011","1000000000858","Lacteos143","2029-05-07","Sardimar","9.0","59"
"Arroz 500g011","1000000000859","Bebidas144","2029-05-08","Gallo Dorado","9.75","60"
"Azúcar 100g011","1000000000860","Panaderia144","2029-05-09","Dos Pinos","10.5","61"
"Café 200g011","1000000000861","Snacks144","2029-05-10","La Granja","11.25","62"
"Agua Pura 300g011","1000000000862","Enlatados144","2029-05-11","Coca Cola","12.0","63"
"Jugo 400g011","1000000000863","Granos144","2029-05-12","Pepsi","12.75","64"
"Leche Entera 500g011","1000000000864","Lacteos144","2029-05-13","Bimbo","13.5","65"
"Queso Fresco 100g011","1000000000865","Bebidas145","2029-05-14","Lays","14.25","66"
"Yogurt 200g011","1000000000866","Panaderia145","2029-05-15","Tortrix","15.0","67"
"Coca Cola 300g011","1000000000867","Snacks145","2029-05-16","Ducal","15.75","68"
"Pepsi 400g011","1000000000868","Enlatados145","2029-05-17","Sardimar","16.5","69"
"Pan Blanco 500g011","1000000000869","Granos145","2029-05-18","Gallo Dorado","17.25","70"
"Pan Integral 100g011","1000000000870","Lacteos145","2029-05-19","Dos Pinos","18.0","71"
"Papas Fritas 200g011","1000000000871","Bebidas146","2029-05-20","La Granja","18.75","72"
"Tortrix 300g011","1000000000872","Panaderia146","2029-05-21","Coca Cola","19.5","73"
"Atun en Lata 400g011","1000000000873","Snacks146","2029-05-22","Pepsi","20.25","74"
"Frijoles Volteados 500g011","1000000000874","Enlatados146","2029-05-23","Bimbo","21.0","75"
"Arroz 100g011","1000000000875","Granos146","2029-05-24","Lays","21.75","76"
"Azúcar 200g011","1000000000876","Lacteos146","2029-05-25","Tortrix","22.5","77"
"Café 300g011","1000000000877","Bebidas147","2029-05-26","Ducal","23.25","78"
"Agua Pura 400g011","1000000000878","Panaderia147","2029-05-27","Sardimar","24.0","79"
"Jugo 500g011","1000000000879","Snacks147","2029-05-28","Gallo Dorado","24.75","80"
"Leche Entera 100g011","1000000000880","Enlatados147","2029-05-29","Dos Pinos","25.5","81"
"Queso Fresco 200g012","1000000000881","Granos147","2029-05-30","La Granja","26.25","82"
"Yogurt 300g012","1000000000882","Lacteos147","2029-05-31","Coca Cola","27.0","83"
"Coca Cola 400g012","1000000000883","Bebidas148","2029-06-01","Pepsi","27.75","84"
"Pepsi 500g012","1000000000884","Panaderia148","2029-06-02","Bimbo","28.5","85"
"Pan Blanco 100g012","1000000000885","Snacks148","2029-06-03","Lays","29.25","86"
"Pan Integral 200g012","1000000000886","Enlatados148","2029-06-04","Tortrix","30.0","87"
"Papas Fritas 300g012","1000000000887","Granos148","2029-06-05","Ducal","30.75","88"
"Tortrix 400g012","1000000000888","Lacteos148","2029-06-06","Sardimar","31.5","89"
"Atun en Lata 500g012","1000000000889","Bebidas149","2029-06-07","Gallo Dorado","32.25","90"
"Frijoles Volteados 100g012","1000000000890","Panaderia149","2029-06-08","Dos Pinos","33.0","91"
"Arroz 200g012","1000000000891","Snacks149","2029-06-09","La Granja","33.75","92"
"Azúcar 300g012","1000000000892","Enlatados149","2029-06-10","Coca Cola","34.5","93"
"Café 400g012","1000000000893","Granos149","2029-06-11","Pepsi","35.25","94"
"Agua Pura 500g012","1000000000894","Lacteos149","2029-06-12","Bimbo","36.0","95"
"Jugo 100g012","1000000000895","Bebidas150","2029-06-13","Lays","36.75","96"
"Leche Entera 200g012","1000000000896","Panaderia150","2029-06-14","Tortrix","37.5","97"
"Queso Fresco 300g012","1000000000897","Snacks150","2029-06-15","Ducal","38.25","98"
"Yogurt 400g012","1000000000898","Enlatados150","2029-06-16","Sardimar","39.0","99"
"Coca Cola 500g012","1000000000899","Granos150","2029-06-17","Gallo Dorado","39.75","100"
"Pepsi 100g012","1000000000900","Lacteos150","2029-06-18","Dos Pinos","3.0","1"
"Pan Blanco 200g012","1000000000901","Bebidas151","2029-06-19","La Granja","3.75","2"
"Pan Integral 300g012","1000000000902","Panaderia151","2029-06-20","Coca Cola","4.5","3"
"Papas Fritas 400g012","1000000000903","Snacks151","2029-06-21","Pepsi","5.25","4"
"Tortrix 500g012","1000000000904","Enlatados151","2029-06-22","Bimbo","6.0","5"
"Atun en Lata 100g012","1000000000905","Granos151","2029-06-23","Lays","6.75","6"
"Frijoles Volteados 200g012","1000000000906","Lacteos151","2029-06-24","Tortrix","7.5","7"
"Arroz 300g012","1000000000907","Bebidas152","2029-06-25","Ducal","8.25","8"
"Azúcar 400g012","1000000000908","Panaderia152","2029-06-26","Sardimar","9.0","9"
"Café 500g012","1000000000909","Snacks152","2029-06-27","Gallo Dorado","9.75","10"
"Agua Pura 100g012","1000000000910","Enlatados152","2029-06-28","Dos Pinos","10.5","11"
"Jugo 200g012","1000000000911","Granos152","2029-06-29","La Granja","11.25","12"
"Leche Entera 300g012","1000000000912","Lacteos152","2029-06-30","Coca Cola","12.0","13"
"Queso Fresco 400g012","1000000000913","Bebidas153","2029-07-01","Pepsi","12.75","14"
"Yogurt 500g012","1000000000914","Panaderia153","2029-07-02","Bimbo","13.5","15"
"Coca Cola 100g012","1000000000915","Snacks153","2029-07-03","Lays","14.25","16"
"Pepsi 200g012","1000000000916","Enlatados153","2029-07-04","Tortrix","15.0","17"
"Pan Blanco 300g012","1000000000917","Granos153","2029-07-05","Ducal","15.75","18"
"Pan Integral 400g012","1000000000918","Lacteos153","2029-07-06","Sardimar","16.5","19"
"Papas Fritas 500g012","1000000000919","Bebidas154","2029-07-07","Gallo Dorado","17.25","20"
"Tortrix 100g012","1000000000920","Panaderia154","2029-07-08","Dos Pinos","18.0","21"
"Atun en Lata 200g012","1000000000921","Snacks154","2029-07-09","La Granja","18.75","22"
"Frijoles Volteados 300g012","1000000000922","Enlatados154","2029-07-10","Coca Cola","19.5","23"
"Arroz 400g012","1000000000923","Granos154","2029-07-11","Pepsi","20.25","24"
"Azúcar 500g012","1000000000924","Lacteos154","2029-07-12","Bimbo","21.0","25"
"Café 100g012","1000000000925","Bebidas155","2029-07-13","Lays","21.75","26"
"Agua Pura 200g012","1000000000926","Panaderia155","2029-07-14","Tortrix","22.5","27"
"Jugo 300g012","1000000000927","Snacks155","2029-07-15","Ducal","23.25","28"
"Leche Entera 400g012","1000000000928","Enlatados155","2029-07-16","Sardimar","24.0","29"
"Queso Fresco 500g012","1000000000929","Granos155","2029-07-17","Gallo Dorado","24.75","30"
"Yogurt 100g012","1000000000930","Lacteos155","2029-07-18","Dos Pinos","25.5","31"
"Coca Cola 200g012","1000000000931","Bebidas156","2029-07-19","La Granja","26.25","32"
"Pepsi 300g012","1000000000932","Panaderia156","2029-07-20","Coca Cola","27.0","33"
"Pan Blanco 400g012","1000000000933","Snacks156","2029-07-21","Pepsi","27.75","34"
"Pan Integral 500g012","1000000000934","Enlatados156","2029-07-22","Bimbo","28.5","35"
"Papas Fritas 100g012","1000000000935","Granos156","2029-07-23","Lays","29.25","36"
"Tortrix 200g012","1000000000936","Lacteos156","2029-07-24","Tortrix","30.0","37"
"Atun en Lata 300g012","1000000000937","Bebidas157","2029-07-25","Ducal","30.75","38"
"Frijoles Volteados 400g012","1000000000938","Panaderia157","2029-07-26","Sardimar","31.5","39"
"Arroz 500g012","1000000000939","Snacks157","2029-07-27","Gallo Dorado","32.25","40"
"Azúcar 100g012","1000000000940","Enlatados157","2029-07-28","Dos Pinos","33.0","41"
"Café 200g012","1000000000941","Granos157","2029-07-29","La Granja","33.75","42"
"Agua Pura 300g012","1000000000942","Lacteos157","2029-07-30","Coca Cola","34.5","43"
"Jugo 400g012","1000000000943","Bebidas158","2029-07-31","Pepsi","35.25","44"
"Leche Entera 500g012","1000000000944","Panaderia158","2029-08-01","Bimbo","36.0","45"
"Queso Fresco 100g012","1000000000945","Snacks158","2029-08-02","Lays","36.75","46"
"Yogurt 200g012","1000000000946","Enlatados158","2029-08-03","Tortrix","37.5","47"
"Coca Cola 300g012","1000000000947","Granos158","2029-08-04","Ducal","38.25","48"
"Pepsi 400g012","1000000000948","Lacteos158","2029-08-05","Sardimar","39.0","49"
"Pan Blanco 500g012","1000000000949","Bebidas159","2029-08-06","Gallo Dorado","39.75","50"
"Pan Integral 100g012","1000000000950","Panaderia159","2029-08-07","Dos Pinos","3.0","51"
"Papas Fritas 200g012","1000000000951","Snacks159","2029-08-08","La Granja","3.75","52"
"Tortrix 300g012","1000000000952","Enlatados159","2029-08-09","Coca Cola","4.5","53"
"Atun en Lata 400g012","1000000000953","Granos159","2029-08-10","Pepsi","5.25","54"
"Frijoles Volteados 500g012","1000000000954","Lacteos159","2029-08-11","Bimbo","6.0","55"
"Arroz 100g012","1000000000955","Bebidas160","2029-08-12","Lays","6.75","56"
"Azúcar 200g012","1000000000956","Panaderia160","2029-08-13","Tortrix","7.5","57"
"Café 300g012","1000000000957","Snacks160","2029-08-14","Ducal","8.25","58"
"Agua Pura 400g012","1000000000958","Enlatados160","2029-08-15","Sardimar","9.0","59"
"Jugo 500g012","1000000000959","Granos160","2029-08-16","Gallo Dorado","9.75","60"
"Leche Entera 100g012","1000000000960","Lacteos160","2029-08-17","Dos Pinos","10.5","61"
"Queso Fresco 200g013","1000000000961","Bebidas161","2029-08-18","La Granja","11.25","62"
"Yogurt 300g013","1000000000962","Panaderia161","2029-08-19","Coca Cola","12.0","63"
"Coca Cola 400g013","1000000000963","Snacks161","2029-08-20","Pepsi","12.75","64"
"Pepsi 500g013","1000000000964","Enlatados161","2029-08-21","Bimbo","13.5","65"
"Pan Blanco 100g013","1000000000965","Granos161","2029-08-22","Lays","14.25","66"
"Pan Integral 200g013","1000000000966","Lacteos161","2029-08-23","Tortrix","15.0","67"
"Papas Fritas 300g013","1000000000967","Bebidas162","2029-08-24","Ducal","15.75","68"
"Tortrix 400g013","1000000000968","Panaderia162","2029-08-25","Sardimar","16.5","69"
"Atun en Lata 500g013","1000000000969","Snacks162","2029-08-26","Gallo Dorado","17.25","70"
"Frijoles Volteados 100g013","1000000000970","Enlatados162","2029-08-27","Dos Pinos","18.0","71"
"Arroz 200g013","1000000000971","Granos162","2029-08-28","La Granja","18.75","72"
"Azúcar 300g013","1000000000972","Lacteos162","2029-08-29","Coca Cola","19.5","73"
"Café 400g013","1000000000973","Bebidas163","2029-08-30","Pepsi","20.25","74"
"Agua Pura 500g013","1000000000974","Panaderia163","2029-08-31","Bimbo","21.0","75"
"Jugo 100g013","1000000000975","Snacks163","2029-09-01","Lays","21.75","76"
"Leche Entera 200g013","1000000000976","Enlatados163","2029-09-02","Tortrix","22.5","77"
"Queso Fresco 300g013","1000000000977","Granos163","2029-09-03","Ducal","23.25","78"
"Yogurt 400g013","1000000000978","Lacteos163","2029-09-04","Sardimar","24.0","79"
"Coca Cola 500g013","1000000000979","Bebidas164","2029-09-05","Gallo Dorado","24.75","80"
"Pepsi 100g013","1000000000980","Panaderia164","2029-09-06","Dos Pinos","25.5","81"
"Pan Blanco 200g013","1000000000981","Snacks164","2029-09-07","La Granja","26.25","82"
"Pan Integral 300g013","1000000000982","Enlatados164","2029-09-08","Coca Cola","27.0","83"
"Papas Fritas 400g013","1000000000983","Granos164","2029-09-09","Pepsi","27.75","84"
"Tortrix 500g013","1000000000984","Lacteos164","2029-09-10","Bimbo","28.5","85"
"Atun en Lata 100g013","1000000000985","Bebidas165","2029-09-11","Lays","29.25","86"
"Frijoles Volteados 200g013","1000000000986","Panaderia165","2029-09-12","Tortrix","30.0","87"
"Arroz 300g013","1000000000987","Snacks165","2029-09-13","Ducal","30.75","88"
"Azúcar 400g013","1000000000988","Enlatados165","2029-09-14","Sardimar","31.5","89"
"Café 500g013","1000000000989","Granos165","2029-09-15","Gallo Dorado","32.25","90"
"Agua Pura 100g013","1000000000990","Lacteos165","2029-09-16","Dos Pinos","33.0","91"
"Jugo 200g013","1000000000991","Bebidas166","2029-09-17","La Granja","33.75","92"
"Leche Entera 300g013","1000000000992","Panaderia166","2029-09-18","Coca Cola","34.5","93"
"Queso Fresco 400g013","1000000000993","Snacks166","2029-09-19","Pepsi","35.25","94"
"Yogurt 500g013","1000000000994","Enlatados166","2029-09-20","Bimbo","36.0","95"
"Coca Cola 100g013","1000000000995","Granos166","2029-09-21","Lays","36.75","96"
"Pepsi 200g013","1000000000996","Lacteos166","2029-09-22","Tortrix","37.5","97"
"Pan Blanco 300g013","1000000000997","Bebidas167","2029-09-23","Ducal","38.25","98"
"Pan Integral 400g013","1000000000998","Panaderia167","2029-09-24","Sardimar","39.0","99"
"Papas Fritas 500g013","1000000000999","Snacks167","2029-09-25","Gallo Dorado","39.75","100"
"Tortrix 100g013","1000000001000","Enlatados167","2029-09-26","Dos Pinos","3.0","1"

